CampaignMemberID,CampaignID,LeadID,Date
ID0000000001,ID0000000001,ID0000000020,2023-07-04
ID0000000002,ID0000000001,ID0000000021,2023-07-04
ID0000000003,ID0000000001,ID0000000022,2023-07-04
ID0000000004,ID0000000001,ID0000000023,2023-07-04
ID0000000005,ID0000000001,ID0000000024,2023-07-04
ID0000000006,ID0000000001,ID0000000025,2023-07-04
ID0000000007,ID0000000001,ID0000000026,2023-07-04
ID0000000008,ID0000000001,ID0000000027,2023-07-04
ID0000000009,ID0000000001,ID0000000028,2023-07-04
ID0000000010,ID0000000001,ID0000000029,2023-07-04
ID0000000011,ID0000000001,ID0000000030,2023-07-04
ID0000000012,ID0000000001,ID0000000031,2023-07-04
ID0000000013,ID0000000001,ID0000000032,2023-07-04
ID0000000014,ID0000000001,ID0000000033,2023-07-04
ID0000000015,ID0000000001,ID0000000034,2023-07-04
ID0000000016,ID0000000001,ID0000000035,2023-07-04
ID0000000017,ID0000000001,ID0000000036,2023-07-04
ID0000000018,ID0000000001,ID0000000037,2023-07-04
ID0000000019,ID0000000001,ID0000000038,2023-07-04
ID0000000020,ID0000000001,ID0000000039,2023-07-04
ID0000000021,ID0000000001,ID0000000040,2023-07-04
ID0000000022,ID0000000001,ID0000000041,2023-07-04
ID0000000023,ID0000000001,ID0000000042,2023-07-04
ID0000000024,ID0000000001,ID0000000043,2023-07-04
ID0000000025,ID0000000001,ID0000000044,2023-07-04
ID0000000026,ID0000000001,ID0000000045,2023-07-04
ID0000000027,ID0000000001,ID0000000046,2023-07-04
ID0000000028,ID0000000001,ID0000000047,2023-07-04
ID0000000029,ID0000000001,ID0000000048,2023-07-04
ID0000000030,ID0000000001,ID0000000049,2023-07-04
ID0000000031,ID0000000001,ID0000000050,2023-07-04
ID0000000032,ID0000000001,ID0000000051,2023-07-04
ID0000000033,ID0000000001,ID0000000052,2023-07-04
ID0000000034,ID0000000001,ID0000000053,2023-07-04
ID0000000035,ID0000000002,ID0000000089,2023-07-12
ID0000000036,ID0000000002,ID0000000090,2023-07-12
ID0000000037,ID0000000002,ID0000000091,2023-07-12
ID0000000038,ID0000000002,ID0000000092,2023-07-12
ID0000000039,ID0000000002,ID0000000093,2023-07-12
ID0000000040,ID0000000002,ID0000000094,2023-07-12
ID0000000041,ID0000000002,ID0000000095,2023-07-12
ID0000000042,ID0000000002,ID0000000096,2023-07-12
ID0000000043,ID0000000002,ID0000000097,2023-07-12
ID0000000044,ID0000000002,ID0000000098,2023-07-12
ID0000000045,ID0000000002,ID0000000099,2023-07-12
ID0000000046,ID0000000002,ID0000000100,2023-07-12
ID0000000047,ID0000000002,ID0000000101,2023-07-12
ID0000000048,ID0000000002,ID0000000102,2023-07-12
ID0000000049,ID0000000002,ID0000000103,2023-07-12
ID0000000050,ID0000000002,ID0000000104,2023-07-12
ID0000000051,ID0000000002,ID0000000105,2023-07-12
ID0000000052,ID0000000002,ID0000000106,2023-07-12
ID0000000053,ID0000000002,ID0000000107,2023-07-12
ID0000000054,ID0000000002,ID0000000108,2023-07-12
ID0000000055,ID0000000002,ID0000000114,2023-07-13
ID0000000056,ID0000000002,ID0000000115,2023-07-13
ID0000000057,ID0000000002,ID0000000116,2023-07-13
ID0000000058,ID0000000002,ID0000000117,2023-07-13
ID0000000059,ID0000000002,ID0000000118,2023-07-13
ID0000000060,ID0000000002,ID0000000119,2023-07-13
ID0000000061,ID0000000002,ID0000000120,2023-07-13
ID0000000062,ID0000000002,ID0000000121,2023-07-13
ID0000000063,ID0000000002,ID0000000122,2023-07-13
ID0000000064,ID0000000002,ID0000000123,2023-07-13
ID0000000065,ID0000000002,ID0000000124,2023-07-13
ID0000000066,ID0000000002,ID0000000125,2023-07-13
ID0000000067,ID0000000002,ID0000000126,2023-07-13
ID0000000068,ID0000000002,ID0000000127,2023-07-13
ID0000000069,ID0000000002,ID0000000128,2023-07-13
ID0000000070,ID0000000002,ID0000000129,2023-07-13
ID0000000071,ID0000000002,ID0000000130,2023-07-13
ID0000000072,ID0000000002,ID0000000133,2023-07-14
ID0000000073,ID0000000002,ID0000000134,2023-07-14
ID0000000074,ID0000000002,ID0000000135,2023-07-14
ID0000000075,ID0000000002,ID0000000136,2023-07-14
ID0000000076,ID0000000002,ID0000000137,2023-07-14
ID0000000077,ID0000000002,ID0000000138,2023-07-14
ID0000000078,ID0000000002,ID0000000139,2023-07-14
ID0000000079,ID0000000002,ID0000000140,2023-07-14
ID0000000080,ID0000000002,ID0000000141,2023-07-14
ID0000000081,ID0000000002,ID0000000142,2023-07-14
ID0000000082,ID0000000002,ID0000000143,2023-07-14
ID0000000083,ID0000000002,ID0000000144,2023-07-14
ID0000000084,ID0000000002,ID0000000145,2023-07-14
ID0000000085,ID0000000002,ID0000000146,2023-07-14
ID0000000086,ID0000000002,ID0000000147,2023-07-14
ID0000000087,ID0000000002,ID0000000148,2023-07-14
ID0000000088,ID0000000002,ID0000000149,2023-07-14
ID0000000089,ID0000000002,ID0000000150,2023-07-14
ID0000000090,ID0000000002,ID0000000154,2023-07-15
ID0000000091,ID0000000002,ID0000000155,2023-07-15
ID0000000092,ID0000000002,ID0000000156,2023-07-16
ID0000000093,ID0000000002,ID0000000157,2023-07-16
ID0000000094,ID0000000002,ID0000000158,2023-07-16
ID0000000095,ID0000000002,ID0000000159,2023-07-16
ID0000000096,ID0000000002,ID0000000170,2023-07-17
ID0000000097,ID0000000002,ID0000000171,2023-07-17
ID0000000098,ID0000000002,ID0000000172,2023-07-17
ID0000000099,ID0000000002,ID0000000173,2023-07-17
ID0000000100,ID0000000002,ID0000000174,2023-07-17
ID0000000101,ID0000000002,ID0000000175,2023-07-17
ID0000000102,ID0000000002,ID0000000176,2023-07-17
ID0000000103,ID0000000002,ID0000000177,2023-07-17
ID0000000104,ID0000000003,ID0000000282,2023-08-08
ID0000000105,ID0000000003,ID0000000283,2023-08-08
ID0000000106,ID0000000003,ID0000000284,2023-08-08
ID0000000107,ID0000000003,ID0000000285,2023-08-08
ID0000000108,ID0000000003,ID0000000286,2023-08-08
ID0000000109,ID0000000003,ID0000000287,2023-08-08
ID0000000110,ID0000000003,ID0000000288,2023-08-08
ID0000000111,ID0000000003,ID0000000289,2023-08-08
ID0000000112,ID0000000003,ID0000000290,2023-08-08
ID0000000113,ID0000000003,ID0000000291,2023-08-08
ID0000000114,ID0000000003,ID0000000292,2023-08-08
ID0000000115,ID0000000003,ID0000000293,2023-08-08
ID0000000116,ID0000000003,ID0000000294,2023-08-08
ID0000000117,ID0000000003,ID0000000295,2023-08-08
ID0000000118,ID0000000003,ID0000000296,2023-08-08
ID0000000119,ID0000000003,ID0000000297,2023-08-08
ID0000000120,ID0000000003,ID0000000298,2023-08-08
ID0000000121,ID0000000003,ID0000000299,2023-08-08
ID0000000122,ID0000000003,ID0000000300,2023-08-08
ID0000000123,ID0000000003,ID0000000301,2023-08-08
ID0000000124,ID0000000003,ID0000000302,2023-08-08
ID0000000125,ID0000000003,ID0000000303,2023-08-08
ID0000000126,ID0000000003,ID0000000304,2023-08-08
ID0000000127,ID0000000003,ID0000000305,2023-08-08
ID0000000128,ID0000000003,ID0000000306,2023-08-08
ID0000000129,ID0000000003,ID0000000307,2023-08-08
ID0000000130,ID0000000003,ID0000000308,2023-08-08
ID0000000131,ID0000000003,ID0000000309,2023-08-08
ID0000000132,ID0000000003,ID0000000310,2023-08-08
ID0000000133,ID0000000003,ID0000000311,2023-08-08
ID0000000134,ID0000000003,ID0000000312,2023-08-08
ID0000000135,ID0000000003,ID0000000313,2023-08-08
ID0000000136,ID0000000003,ID0000000314,2023-08-08
ID0000000137,ID0000000003,ID0000000315,2023-08-08
ID0000000138,ID0000000003,ID0000000316,2023-08-08
ID0000000139,ID0000000003,ID0000000317,2023-08-08
ID0000000140,ID0000000003,ID0000000318,2023-08-08
ID0000000141,ID0000000003,ID0000000319,2023-08-08
ID0000000142,ID0000000003,ID0000000320,2023-08-08
ID0000000143,ID0000000003,ID0000000321,2023-08-08
ID0000000144,ID0000000003,ID0000000322,2023-08-08
ID0000000145,ID0000000003,ID0000000323,2023-08-08
ID0000000146,ID0000000003,ID0000000324,2023-08-08
ID0000000147,ID0000000003,ID0000000325,2023-08-08
ID0000000148,ID0000000003,ID0000000326,2023-08-08
ID0000000149,ID0000000003,ID0000000327,2023-08-08
ID0000000150,ID0000000003,ID0000000328,2023-08-08
ID0000000151,ID0000000003,ID0000000329,2023-08-08
ID0000000152,ID0000000003,ID0000000330,2023-08-08
ID0000000153,ID0000000003,ID0000000331,2023-08-08
ID0000000154,ID0000000003,ID0000000332,2023-08-08
ID0000000155,ID0000000003,ID0000000333,2023-08-08
ID0000000156,ID0000000003,ID0000000334,2023-08-08
ID0000000157,ID0000000003,ID0000000335,2023-08-08
ID0000000158,ID0000000003,ID0000000336,2023-08-08
ID0000000159,ID0000000003,ID0000000337,2023-08-08
ID0000000160,ID0000000003,ID0000000338,2023-08-08
ID0000000161,ID0000000003,ID0000000339,2023-08-08
ID0000000162,ID0000000003,ID0000000340,2023-08-08
ID0000000163,ID0000000003,ID0000000341,2023-08-08
ID0000000164,ID0000000003,ID0000000342,2023-08-08
ID0000000165,ID0000000003,ID0000000343,2023-08-08
ID0000000166,ID0000000003,ID0000000344,2023-08-08
ID0000000167,ID0000000003,ID0000000345,2023-08-08
ID0000000168,ID0000000003,ID0000000346,2023-08-08
ID0000000169,ID0000000003,ID0000000347,2023-08-08
ID0000000170,ID0000000003,ID0000000348,2023-08-08
ID0000000171,ID0000000003,ID0000000349,2023-08-08
ID0000000172,ID0000000003,ID0000000350,2023-08-08
ID0000000173,ID0000000003,ID0000000351,2023-08-08
ID0000000174,ID0000000003,ID0000000352,2023-08-08
ID0000000175,ID0000000003,ID0000000353,2023-08-08
ID0000000176,ID0000000003,ID0000000354,2023-08-08
ID0000000177,ID0000000003,ID0000000355,2023-08-08
ID0000000178,ID0000000003,ID0000000356,2023-08-08
ID0000000179,ID0000000003,ID0000000357,2023-08-08
ID0000000180,ID0000000003,ID0000000358,2023-08-08
ID0000000181,ID0000000003,ID0000000359,2023-08-08
ID0000000182,ID0000000003,ID0000000360,2023-08-08
ID0000000183,ID0000000003,ID0000000361,2023-08-08
ID0000000184,ID0000000003,ID0000000362,2023-08-08
ID0000000185,ID0000000003,ID0000000363,2023-08-08
ID0000000186,ID0000000003,ID0000000364,2023-08-08
ID0000000187,ID0000000003,ID0000000365,2023-08-08
ID0000000188,ID0000000003,ID0000000366,2023-08-08
ID0000000189,ID0000000003,ID0000000367,2023-08-08
ID0000000190,ID0000000003,ID0000000368,2023-08-08
ID0000000191,ID0000000003,ID0000000369,2023-08-08
ID0000000192,ID0000000003,ID0000000370,2023-08-08
ID0000000193,ID0000000003,ID0000000371,2023-08-08
ID0000000194,ID0000000003,ID0000000372,2023-08-08
ID0000000195,ID0000000003,ID0000000373,2023-08-08
ID0000000196,ID0000000003,ID0000000374,2023-08-08
ID0000000197,ID0000000003,ID0000000375,2023-08-08
ID0000000198,ID0000000004,ID0000000536,2023-09-07
ID0000000199,ID0000000004,ID0000000537,2023-09-07
ID0000000200,ID0000000004,ID0000000538,2023-09-07
ID0000000201,ID0000000004,ID0000000539,2023-09-07
ID0000000202,ID0000000004,ID0000000540,2023-09-07
ID0000000203,ID0000000004,ID0000000541,2023-09-07
ID0000000204,ID0000000004,ID0000000542,2023-09-07
ID0000000205,ID0000000004,ID0000000543,2023-09-07
ID0000000206,ID0000000004,ID0000000544,2023-09-07
ID0000000207,ID0000000004,ID0000000545,2023-09-07
ID0000000208,ID0000000004,ID0000000546,2023-09-07
ID0000000209,ID0000000004,ID0000000547,2023-09-07
ID0000000210,ID0000000004,ID0000000548,2023-09-07
ID0000000211,ID0000000004,ID0000000549,2023-09-07
ID0000000212,ID0000000004,ID0000000550,2023-09-07
ID0000000213,ID0000000004,ID0000000564,2023-09-08
ID0000000214,ID0000000004,ID0000000565,2023-09-08
ID0000000215,ID0000000004,ID0000000566,2023-09-08
ID0000000216,ID0000000004,ID0000000567,2023-09-08
ID0000000217,ID0000000004,ID0000000568,2023-09-08
ID0000000218,ID0000000004,ID0000000569,2023-09-08
ID0000000219,ID0000000004,ID0000000570,2023-09-08
ID0000000220,ID0000000004,ID0000000571,2023-09-08
ID0000000221,ID0000000004,ID0000000572,2023-09-08
ID0000000222,ID0000000004,ID0000000573,2023-09-08
ID0000000223,ID0000000004,ID0000000574,2023-09-08
ID0000000224,ID0000000004,ID0000000575,2023-09-08
ID0000000225,ID0000000004,ID0000000576,2023-09-08
ID0000000226,ID0000000004,ID0000000582,2023-09-09
ID0000000227,ID0000000004,ID0000000583,2023-09-09
ID0000000228,ID0000000004,ID0000000586,2023-09-10
ID0000000229,ID0000000004,ID0000000587,2023-09-10
ID0000000230,ID0000000004,ID0000000588,2023-09-10
ID0000000231,ID0000000004,ID0000000589,2023-09-11
ID0000000232,ID0000000004,ID0000000590,2023-09-11
ID0000000233,ID0000000004,ID0000000591,2023-09-11
ID0000000234,ID0000000004,ID0000000592,2023-09-11
ID0000000235,ID0000000004,ID0000000593,2023-09-11
ID0000000236,ID0000000004,ID0000000594,2023-09-11
ID0000000237,ID0000000004,ID0000000595,2023-09-11
ID0000000238,ID0000000004,ID0000000596,2023-09-11
ID0000000239,ID0000000004,ID0000000597,2023-09-11
ID0000000240,ID0000000004,ID0000000598,2023-09-11
ID0000000241,ID0000000004,ID0000000599,2023-09-11
ID0000000242,ID0000000004,ID0000000600,2023-09-11
ID0000000243,ID0000000004,ID0000000601,2023-09-11
ID0000000244,ID0000000004,ID0000000602,2023-09-11
ID0000000245,ID0000000004,ID0000000603,2023-09-11
ID0000000246,ID0000000004,ID0000000604,2023-09-11
ID0000000247,ID0000000004,ID0000000605,2023-09-11
ID0000000248,ID0000000004,ID0000000606,2023-09-12
ID0000000249,ID0000000004,ID0000000607,2023-09-12
ID0000000250,ID0000000004,ID0000000608,2023-09-12
ID0000000251,ID0000000004,ID0000000609,2023-09-12
ID0000000252,ID0000000004,ID0000000610,2023-09-12
ID0000000253,ID0000000004,ID0000000611,2023-09-12
ID0000000254,ID0000000004,ID0000000612,2023-09-12
ID0000000255,ID0000000004,ID0000000613,2023-09-12
ID0000000256,ID0000000004,ID0000000614,2023-09-12
ID0000000257,ID0000000004,ID0000000615,2023-09-12
ID0000000258,ID0000000005,ID0000000632,2023-09-15
ID0000000259,ID0000000005,ID0000000633,2023-09-15
ID0000000260,ID0000000005,ID0000000634,2023-09-15
ID0000000261,ID0000000005,ID0000000635,2023-09-15
ID0000000262,ID0000000005,ID0000000636,2023-09-15
ID0000000263,ID0000000005,ID0000000637,2023-09-15
ID0000000264,ID0000000005,ID0000000638,2023-09-15
ID0000000265,ID0000000005,ID0000000639,2023-09-15
ID0000000266,ID0000000005,ID0000000640,2023-09-15
ID0000000267,ID0000000005,ID0000000641,2023-09-15
ID0000000268,ID0000000005,ID0000000642,2023-09-15
ID0000000269,ID0000000005,ID0000000643,2023-09-15
ID0000000270,ID0000000005,ID0000000644,2023-09-15
ID0000000271,ID0000000005,ID0000000645,2023-09-15
ID0000000272,ID0000000005,ID0000000646,2023-09-15
ID0000000273,ID0000000005,ID0000000647,2023-09-15
ID0000000274,ID0000000005,ID0000000648,2023-09-15
ID0000000275,ID0000000005,ID0000000649,2023-09-15
ID0000000276,ID0000000005,ID0000000650,2023-09-15
ID0000000277,ID0000000005,ID0000000651,2023-09-15
ID0000000278,ID0000000005,ID0000000652,2023-09-15
ID0000000279,ID0000000005,ID0000000653,2023-09-15
ID0000000280,ID0000000005,ID0000000654,2023-09-15
ID0000000281,ID0000000005,ID0000000655,2023-09-15
ID0000000282,ID0000000005,ID0000000656,2023-09-15
ID0000000283,ID0000000005,ID0000000657,2023-09-15
ID0000000284,ID0000000005,ID0000000658,2023-09-15
ID0000000285,ID0000000005,ID0000000659,2023-09-15
ID0000000286,ID0000000005,ID0000000660,2023-09-15
ID0000000287,ID0000000005,ID0000000661,2023-09-15
ID0000000288,ID0000000005,ID0000000662,2023-09-15
ID0000000289,ID0000000005,ID0000000663,2023-09-15
ID0000000290,ID0000000005,ID0000000664,2023-09-15
ID0000000291,ID0000000005,ID0000000665,2023-09-15
ID0000000292,ID0000000005,ID0000000666,2023-09-15
ID0000000293,ID0000000005,ID0000000667,2023-09-15
ID0000000294,ID0000000005,ID0000000668,2023-09-15
ID0000000295,ID0000000005,ID0000000669,2023-09-15
ID0000000296,ID0000000005,ID0000000670,2023-09-15
ID0000000297,ID0000000005,ID0000000671,2023-09-15
ID0000000298,ID0000000005,ID0000000672,2023-09-15
ID0000000299,ID0000000005,ID0000000673,2023-09-15
ID0000000300,ID0000000005,ID0000000674,2023-09-15
ID0000000301,ID0000000005,ID0000000675,2023-09-15
ID0000000302,ID0000000005,ID0000000676,2023-09-15
ID0000000303,ID0000000005,ID0000000677,2023-09-15
ID0000000304,ID0000000005,ID0000000678,2023-09-15
ID0000000305,ID0000000005,ID0000000679,2023-09-15
ID0000000306,ID0000000005,ID0000000680,2023-09-15
ID0000000307,ID0000000005,ID0000000681,2023-09-15
ID0000000308,ID0000000005,ID0000000682,2023-09-15
ID0000000309,ID0000000005,ID0000000683,2023-09-15
ID0000000310,ID0000000005,ID0000000684,2023-09-15
ID0000000311,ID0000000005,ID0000000685,2023-09-15
ID0000000312,ID0000000005,ID0000000686,2023-09-15
ID0000000313,ID0000000005,ID0000000687,2023-09-15
ID0000000314,ID0000000005,ID0000000688,2023-09-15
ID0000000315,ID0000000005,ID0000000689,2023-09-15
ID0000000316,ID0000000005,ID0000000690,2023-09-15
ID0000000317,ID0000000005,ID0000000691,2023-09-15
ID0000000318,ID0000000005,ID0000000692,2023-09-15
ID0000000319,ID0000000005,ID0000000693,2023-09-15
ID0000000320,ID0000000005,ID0000000694,2023-09-15
ID0000000321,ID0000000005,ID0000000695,2023-09-15
ID0000000322,ID0000000005,ID0000000696,2023-09-15
ID0000000323,ID0000000005,ID0000000697,2023-09-15
ID0000000324,ID0000000005,ID0000000698,2023-09-15
ID0000000325,ID0000000005,ID0000000699,2023-09-15
ID0000000326,ID0000000005,ID0000000700,2023-09-15
ID0000000327,ID0000000005,ID0000000701,2023-09-15
ID0000000328,ID0000000005,ID0000000702,2023-09-15
ID0000000329,ID0000000005,ID0000000703,2023-09-15
ID0000000330,ID0000000005,ID0000000704,2023-09-15
ID0000000331,ID0000000005,ID0000000705,2023-09-15
ID0000000332,ID0000000005,ID0000000706,2023-09-15
ID0000000333,ID0000000005,ID0000000707,2023-09-15
ID0000000334,ID0000000005,ID0000000708,2023-09-15
ID0000000335,ID0000000005,ID0000000709,2023-09-15
ID0000000336,ID0000000005,ID0000000710,2023-09-15
ID0000000337,ID0000000005,ID0000000711,2023-09-15
ID0000000338,ID0000000005,ID0000000712,2023-09-15
ID0000000339,ID0000000005,ID0000000713,2023-09-15
ID0000000340,ID0000000005,ID0000000714,2023-09-15
ID0000000341,ID0000000005,ID0000000715,2023-09-15
ID0000000342,ID0000000005,ID0000000716,2023-09-15
ID0000000343,ID0000000005,ID0000000717,2023-09-15
ID0000000344,ID0000000005,ID0000000718,2023-09-15
ID0000000345,ID0000000005,ID0000000719,2023-09-15
ID0000000346,ID0000000005,ID0000000720,2023-09-15
ID0000000347,ID0000000005,ID0000000721,2023-09-15
ID0000000348,ID0000000005,ID0000000722,2023-09-15
ID0000000349,ID0000000005,ID0000000723,2023-09-15
ID0000000350,ID0000000005,ID0000000724,2023-09-15
ID0000000351,ID0000000005,ID0000000725,2023-09-15
ID0000000352,ID0000000005,ID0000000726,2023-09-15
ID0000000353,ID0000000005,ID0000000727,2023-09-15
ID0000000354,ID0000000005,ID0000000728,2023-09-15
ID0000000355,ID0000000005,ID0000000729,2023-09-15
ID0000000356,ID0000000005,ID0000000730,2023-09-15
ID0000000357,ID0000000005,ID0000000731,2023-09-15
ID0000000358,ID0000000005,ID0000000732,2023-09-15
ID0000000359,ID0000000005,ID0000000733,2023-09-15
ID0000000360,ID0000000005,ID0000000734,2023-09-15
ID0000000361,ID0000000005,ID0000000735,2023-09-15
ID0000000362,ID0000000006,ID0000000877,2023-10-16
ID0000000363,ID0000000006,ID0000000878,2023-10-16
ID0000000364,ID0000000006,ID0000000879,2023-10-16
ID0000000365,ID0000000006,ID0000000880,2023-10-16
ID0000000366,ID0000000006,ID0000000881,2023-10-16
ID0000000367,ID0000000006,ID0000000882,2023-10-16
ID0000000368,ID0000000006,ID0000000883,2023-10-16
ID0000000369,ID0000000006,ID0000000884,2023-10-16
ID0000000370,ID0000000006,ID0000000885,2023-10-16
ID0000000371,ID0000000006,ID0000000886,2023-10-16
ID0000000372,ID0000000007,ID0000001093,2023-11-17
ID0000000373,ID0000000007,ID0000001094,2023-11-17
ID0000000374,ID0000000007,ID0000001095,2023-11-17
ID0000000375,ID0000000007,ID0000001096,2023-11-17
ID0000000376,ID0000000007,ID0000001097,2023-11-17
ID0000000377,ID0000000007,ID0000001098,2023-11-17
ID0000000378,ID0000000007,ID0000001099,2023-11-17
ID0000000379,ID0000000007,ID0000001100,2023-11-17
ID0000000380,ID0000000007,ID0000001101,2023-11-17
ID0000000381,ID0000000007,ID0000001102,2023-11-17
ID0000000382,ID0000000007,ID0000001103,2023-11-17
ID0000000383,ID0000000007,ID0000001104,2023-11-17
ID0000000384,ID0000000007,ID0000001105,2023-11-17
ID0000000385,ID0000000007,ID0000001106,2023-11-17
ID0000000386,ID0000000007,ID0000001107,2023-11-17
ID0000000387,ID0000000007,ID0000001108,2023-11-17
ID0000000388,ID0000000007,ID0000001109,2023-11-17
ID0000000389,ID0000000007,ID0000001110,2023-11-17
ID0000000390,ID0000000007,ID0000001111,2023-11-17
ID0000000391,ID0000000007,ID0000001112,2023-11-17
ID0000000392,ID0000000007,ID0000001113,2023-11-17
ID0000000393,ID0000000007,ID0000001114,2023-11-17
ID0000000394,ID0000000007,ID0000001115,2023-11-17
ID0000000395,ID0000000007,ID0000001116,2023-11-17
ID0000000396,ID0000000007,ID0000001117,2023-11-17
ID0000000397,ID0000000007,ID0000001118,2023-11-17
ID0000000398,ID0000000007,ID0000001119,2023-11-17
ID0000000399,ID0000000007,ID0000001120,2023-11-17
ID0000000400,ID0000000007,ID0000001121,2023-11-17
ID0000000401,ID0000000007,ID0000001122,2023-11-17
ID0000000402,ID0000000007,ID0000001123,2023-11-17
ID0000000403,ID0000000007,ID0000001124,2023-11-17
ID0000000404,ID0000000007,ID0000001125,2023-11-17
ID0000000405,ID0000000007,ID0000001126,2023-11-17
ID0000000406,ID0000000007,ID0000001127,2023-11-17
ID0000000407,ID0000000007,ID0000001128,2023-11-17
ID0000000408,ID0000000007,ID0000001129,2023-11-17
ID0000000409,ID0000000007,ID0000001130,2023-11-17
ID0000000410,ID0000000007,ID0000001131,2023-11-17
ID0000000411,ID0000000007,ID0000001132,2023-11-17
ID0000000412,ID0000000007,ID0000001133,2023-11-17
ID0000000413,ID0000000007,ID0000001134,2023-11-17
ID0000000414,ID0000000007,ID0000001135,2023-11-17
ID0000000415,ID0000000007,ID0000001136,2023-11-17
ID0000000416,ID0000000007,ID0000001137,2023-11-17
ID0000000417,ID0000000007,ID0000001138,2023-11-17
ID0000000418,ID0000000007,ID0000001139,2023-11-17
ID0000000419,ID0000000007,ID0000001140,2023-11-17
ID0000000420,ID0000000007,ID0000001141,2023-11-17
ID0000000421,ID0000000007,ID0000001142,2023-11-17
ID0000000422,ID0000000007,ID0000001143,2023-11-17
ID0000000423,ID0000000007,ID0000001144,2023-11-17
ID0000000424,ID0000000007,ID0000001145,2023-11-17
ID0000000425,ID0000000007,ID0000001146,2023-11-17
ID0000000426,ID0000000007,ID0000001147,2023-11-17
ID0000000427,ID0000000007,ID0000001148,2023-11-17
ID0000000428,ID0000000007,ID0000001149,2023-11-17
ID0000000429,ID0000000007,ID0000001150,2023-11-17
ID0000000430,ID0000000007,ID0000001151,2023-11-17
ID0000000431,ID0000000007,ID0000001152,2023-11-17
ID0000000432,ID0000000007,ID0000001153,2023-11-17
ID0000000433,ID0000000007,ID0000001154,2023-11-17
ID0000000434,ID0000000007,ID0000001155,2023-11-17
ID0000000435,ID0000000007,ID0000001156,2023-11-17
ID0000000436,ID0000000007,ID0000001157,2023-11-17
ID0000000437,ID0000000007,ID0000001158,2023-11-17
ID0000000438,ID0000000007,ID0000001159,2023-11-17
ID0000000439,ID0000000007,ID0000001160,2023-11-17
ID0000000440,ID0000000007,ID0000001161,2023-11-17
ID0000000441,ID0000000007,ID0000001162,2023-11-17
ID0000000442,ID0000000007,ID0000001163,2023-11-17
ID0000000443,ID0000000007,ID0000001164,2023-11-17
ID0000000444,ID0000000007,ID0000001165,2023-11-17
ID0000000445,ID0000000007,ID0000001166,2023-11-17
ID0000000446,ID0000000007,ID0000001167,2023-11-17
ID0000000447,ID0000000007,ID0000001168,2023-11-17
ID0000000448,ID0000000007,ID0000001169,2023-11-17
ID0000000449,ID0000000007,ID0000001170,2023-11-17
ID0000000450,ID0000000007,ID0000001171,2023-11-17
ID0000000451,ID0000000007,ID0000001172,2023-11-17
ID0000000452,ID0000000007,ID0000001173,2023-11-17
ID0000000453,ID0000000007,ID0000001174,2023-11-17
ID0000000454,ID0000000007,ID0000001175,2023-11-17
ID0000000455,ID0000000007,ID0000001176,2023-11-17
ID0000000456,ID0000000007,ID0000001177,2023-11-17
ID0000000457,ID0000000007,ID0000001178,2023-11-17
ID0000000458,ID0000000007,ID0000001179,2023-11-17
ID0000000459,ID0000000007,ID0000001180,2023-11-17
ID0000000460,ID0000000007,ID0000001181,2023-11-17
ID0000000461,ID0000000007,ID0000001182,2023-11-17
ID0000000462,ID0000000007,ID0000001183,2023-11-17
ID0000000463,ID0000000007,ID0000001184,2023-11-17
ID0000000464,ID0000000007,ID0000001185,2023-11-17
ID0000000465,ID0000000007,ID0000001186,2023-11-17
ID0000000466,ID0000000007,ID0000001187,2023-11-17
ID0000000467,ID0000000007,ID0000001188,2023-11-17
ID0000000468,ID0000000007,ID0000001189,2023-11-17
ID0000000469,ID0000000007,ID0000001190,2023-11-17
ID0000000470,ID0000000007,ID0000001191,2023-11-17
ID0000000471,ID0000000007,ID0000001192,2023-11-17
ID0000000472,ID0000000007,ID0000001193,2023-11-17
ID0000000473,ID0000000007,ID0000001194,2023-11-17
ID0000000474,ID0000000007,ID0000001195,2023-11-17
ID0000000475,ID0000000007,ID0000001196,2023-11-17
ID0000000476,ID0000000007,ID0000001197,2023-11-17
ID0000000477,ID0000000007,ID0000001198,2023-11-17
ID0000000478,ID0000000007,ID0000001199,2023-11-17
ID0000000479,ID0000000007,ID0000001200,2023-11-17
ID0000000480,ID0000000007,ID0000001201,2023-11-17
ID0000000481,ID0000000007,ID0000001202,2023-11-17
ID0000000482,ID0000000007,ID0000001203,2023-11-17
ID0000000483,ID0000000007,ID0000001204,2023-11-17
ID0000000484,ID0000000007,ID0000001205,2023-11-17
ID0000000485,ID0000000007,ID0000001206,2023-11-17
ID0000000486,ID0000000008,ID0000001420,2023-12-18
ID0000000487,ID0000000008,ID0000001421,2023-12-18
ID0000000488,ID0000000008,ID0000001422,2023-12-18
ID0000000489,ID0000000008,ID0000001423,2023-12-18
ID0000000490,ID0000000008,ID0000001424,2023-12-18
ID0000000491,ID0000000008,ID0000001425,2023-12-18
ID0000000492,ID0000000008,ID0000001426,2023-12-18
ID0000000493,ID0000000008,ID0000001427,2023-12-18
ID0000000494,ID0000000008,ID0000001428,2023-12-18
ID0000000495,ID0000000008,ID0000001429,2023-12-18
ID0000000496,ID0000000008,ID0000001430,2023-12-18
ID0000000497,ID0000000008,ID0000001431,2023-12-18
ID0000000498,ID0000000008,ID0000001432,2023-12-18
ID0000000499,ID0000000008,ID0000001433,2023-12-18
ID0000000500,ID0000000008,ID0000001434,2023-12-18
ID0000000501,ID0000000008,ID0000001435,2023-12-18
ID0000000502,ID0000000008,ID0000001436,2023-12-18
ID0000000503,ID0000000008,ID0000001437,2023-12-18
ID0000000504,ID0000000008,ID0000001438,2023-12-18
ID0000000505,ID0000000008,ID0000001439,2023-12-18
ID0000000506,ID0000000008,ID0000001440,2023-12-18
ID0000000507,ID0000000008,ID0000001441,2023-12-18
ID0000000508,ID0000000008,ID0000001442,2023-12-18
ID0000000509,ID0000000008,ID0000001443,2023-12-18
ID0000000510,ID0000000008,ID0000001444,2023-12-18
ID0000000511,ID0000000008,ID0000001445,2023-12-18
ID0000000512,ID0000000008,ID0000001446,2023-12-18
ID0000000513,ID0000000008,ID0000001447,2023-12-18
ID0000000514,ID0000000008,ID0000001448,2023-12-18
ID0000000515,ID0000000008,ID0000001449,2023-12-18
ID0000000516,ID0000000008,ID0000001450,2023-12-18
ID0000000517,ID0000000008,ID0000001451,2023-12-18
ID0000000518,ID0000000008,ID0000001452,2023-12-18
ID0000000519,ID0000000008,ID0000001453,2023-12-18
ID0000000520,ID0000000008,ID0000001454,2023-12-18
ID0000000521,ID0000000008,ID0000001455,2023-12-18
ID0000000522,ID0000000008,ID0000001456,2023-12-18
ID0000000523,ID0000000008,ID0000001457,2023-12-18
ID0000000524,ID0000000008,ID0000001458,2023-12-18
ID0000000525,ID0000000008,ID0000001459,2023-12-18
ID0000000526,ID0000000008,ID0000001460,2023-12-18
ID0000000527,ID0000000008,ID0000001461,2023-12-18
ID0000000528,ID0000000008,ID0000001462,2023-12-18
ID0000000529,ID0000000008,ID0000001463,2023-12-18
ID0000000530,ID0000000008,ID0000001464,2023-12-18
ID0000000531,ID0000000008,ID0000001465,2023-12-18
ID0000000532,ID0000000008,ID0000001466,2023-12-18
ID0000000533,ID0000000008,ID0000001467,2023-12-18
ID0000000534,ID0000000008,ID0000001468,2023-12-18
ID0000000535,ID0000000008,ID0000001469,2023-12-18
ID0000000536,ID0000000008,ID0000001470,2023-12-18
ID0000000537,ID0000000008,ID0000001471,2023-12-18
ID0000000538,ID0000000008,ID0000001472,2023-12-18
ID0000000539,ID0000000008,ID0000001473,2023-12-18
ID0000000540,ID0000000008,ID0000001474,2023-12-18
ID0000000541,ID0000000008,ID0000001475,2023-12-18
ID0000000542,ID0000000008,ID0000001476,2023-12-18
ID0000000543,ID0000000008,ID0000001477,2023-12-18
ID0000000544,ID0000000008,ID0000001478,2023-12-18
ID0000000545,ID0000000008,ID0000001479,2023-12-18
ID0000000546,ID0000000008,ID0000001480,2023-12-18
ID0000000547,ID0000000008,ID0000001481,2023-12-18
ID0000000548,ID0000000008,ID0000001482,2023-12-18
ID0000000549,ID0000000008,ID0000001483,2023-12-18
ID0000000550,ID0000000008,ID0000001484,2023-12-18
ID0000000551,ID0000000008,ID0000001485,2023-12-18
ID0000000552,ID0000000008,ID0000001486,2023-12-18
ID0000000553,ID0000000008,ID0000001487,2023-12-18
ID0000000554,ID0000000008,ID0000001488,2023-12-18
ID0000000555,ID0000000008,ID0000001489,2023-12-18
ID0000000556,ID0000000008,ID0000001490,2023-12-18
ID0000000557,ID0000000008,ID0000001491,2023-12-18
ID0000000558,ID0000000008,ID0000001492,2023-12-18
ID0000000559,ID0000000008,ID0000001493,2023-12-18
ID0000000560,ID0000000008,ID0000001494,2023-12-18
ID0000000561,ID0000000008,ID0000001495,2023-12-18
ID0000000562,ID0000000008,ID0000001496,2023-12-18
ID0000000563,ID0000000008,ID0000001497,2023-12-18
ID0000000564,ID0000000008,ID0000001498,2023-12-18
ID0000000565,ID0000000008,ID0000001499,2023-12-18
ID0000000566,ID0000000008,ID0000001500,2023-12-18
ID0000000567,ID0000000008,ID0000001501,2023-12-18
ID0000000568,ID0000000008,ID0000001502,2023-12-18
ID0000000569,ID0000000008,ID0000001503,2023-12-18
ID0000000570,ID0000000008,ID0000001504,2023-12-18
ID0000000571,ID0000000008,ID0000001505,2023-12-18
ID0000000572,ID0000000008,ID0000001506,2023-12-18
ID0000000573,ID0000000008,ID0000001507,2023-12-18
ID0000000574,ID0000000008,ID0000001508,2023-12-18
ID0000000575,ID0000000008,ID0000001509,2023-12-18
ID0000000576,ID0000000008,ID0000001510,2023-12-18
ID0000000577,ID0000000008,ID0000001511,2023-12-18
ID0000000578,ID0000000008,ID0000001512,2023-12-18
ID0000000579,ID0000000008,ID0000001513,2023-12-18
ID0000000580,ID0000000008,ID0000001514,2023-12-18
ID0000000581,ID0000000008,ID0000001515,2023-12-18
ID0000000582,ID0000000009,ID0000001688,2024-01-16
ID0000000583,ID0000000009,ID0000001689,2024-01-16
ID0000000584,ID0000000009,ID0000001690,2024-01-16
ID0000000585,ID0000000009,ID0000001691,2024-01-16
ID0000000586,ID0000000009,ID0000001692,2024-01-16
ID0000000587,ID0000000009,ID0000001693,2024-01-16
ID0000000588,ID0000000009,ID0000001694,2024-01-16
ID0000000589,ID0000000009,ID0000001695,2024-01-16
ID0000000590,ID0000000009,ID0000001696,2024-01-16
ID0000000591,ID0000000009,ID0000001697,2024-01-16
ID0000000592,ID0000000009,ID0000001698,2024-01-16
ID0000000593,ID0000000009,ID0000001699,2024-01-16
ID0000000594,ID0000000009,ID0000001700,2024-01-16
ID0000000595,ID0000000009,ID0000001701,2024-01-16
ID0000000596,ID0000000009,ID0000001702,2024-01-16
ID0000000597,ID0000000009,ID0000001703,2024-01-16
ID0000000598,ID0000000009,ID0000001704,2024-01-16
ID0000000599,ID0000000009,ID0000001705,2024-01-16
ID0000000600,ID0000000009,ID0000001706,2024-01-16
ID0000000601,ID0000000009,ID0000001707,2024-01-16
ID0000000602,ID0000000009,ID0000001708,2024-01-16
ID0000000603,ID0000000009,ID0000001709,2024-01-16
ID0000000604,ID0000000009,ID0000001710,2024-01-16
ID0000000605,ID0000000009,ID0000001711,2024-01-16
ID0000000606,ID0000000009,ID0000001712,2024-01-16
ID0000000607,ID0000000009,ID0000001713,2024-01-16
ID0000000608,ID0000000009,ID0000001714,2024-01-16
ID0000000609,ID0000000009,ID0000001715,2024-01-16
ID0000000610,ID0000000009,ID0000001716,2024-01-16
ID0000000611,ID0000000009,ID0000001717,2024-01-16
ID0000000612,ID0000000009,ID0000001718,2024-01-16
ID0000000613,ID0000000009,ID0000001719,2024-01-16
ID0000000614,ID0000000009,ID0000001733,2024-01-17
ID0000000615,ID0000000009,ID0000001734,2024-01-17
ID0000000616,ID0000000009,ID0000001735,2024-01-17
ID0000000617,ID0000000009,ID0000001736,2024-01-17
ID0000000618,ID0000000009,ID0000001737,2024-01-17
ID0000000619,ID0000000009,ID0000001738,2024-01-17
ID0000000620,ID0000000009,ID0000001739,2024-01-17
ID0000000621,ID0000000009,ID0000001740,2024-01-17
ID0000000622,ID0000000009,ID0000001741,2024-01-17
ID0000000623,ID0000000009,ID0000001742,2024-01-17
ID0000000624,ID0000000009,ID0000001743,2024-01-17
ID0000000625,ID0000000009,ID0000001744,2024-01-17
ID0000000626,ID0000000009,ID0000001745,2024-01-17
ID0000000627,ID0000000009,ID0000001746,2024-01-17
ID0000000628,ID0000000009,ID0000001747,2024-01-17
ID0000000629,ID0000000009,ID0000001748,2024-01-17
ID0000000630,ID0000000009,ID0000001749,2024-01-17
ID0000000631,ID0000000009,ID0000001750,2024-01-17
ID0000000632,ID0000000009,ID0000001751,2024-01-17
ID0000000633,ID0000000009,ID0000001752,2024-01-17
ID0000000634,ID0000000009,ID0000001753,2024-01-17
ID0000000635,ID0000000009,ID0000001754,2024-01-17
ID0000000636,ID0000000009,ID0000001755,2024-01-17
ID0000000637,ID0000000009,ID0000001756,2024-01-17
ID0000000638,ID0000000009,ID0000001757,2024-01-17
ID0000000639,ID0000000009,ID0000001760,2024-01-18
ID0000000640,ID0000000009,ID0000001761,2024-01-18
ID0000000641,ID0000000009,ID0000001762,2024-01-18
ID0000000642,ID0000000009,ID0000001763,2024-01-18
ID0000000643,ID0000000009,ID0000001764,2024-01-18
ID0000000644,ID0000000009,ID0000001765,2024-01-18
ID0000000645,ID0000000009,ID0000001766,2024-01-18
ID0000000646,ID0000000009,ID0000001767,2024-01-18
ID0000000647,ID0000000009,ID0000001768,2024-01-18
ID0000000648,ID0000000009,ID0000001769,2024-01-18
ID0000000649,ID0000000009,ID0000001770,2024-01-18
ID0000000650,ID0000000009,ID0000001771,2024-01-18
ID0000000651,ID0000000009,ID0000001772,2024-01-18
ID0000000652,ID0000000009,ID0000001773,2024-01-18
ID0000000653,ID0000000009,ID0000001774,2024-01-18
ID0000000654,ID0000000009,ID0000001775,2024-01-18
ID0000000655,ID0000000009,ID0000001776,2024-01-18
ID0000000656,ID0000000009,ID0000001777,2024-01-18
ID0000000657,ID0000000009,ID0000001778,2024-01-18
ID0000000658,ID0000000009,ID0000001779,2024-01-18
ID0000000659,ID0000000009,ID0000001793,2024-01-19
ID0000000660,ID0000000009,ID0000001794,2024-01-19
ID0000000661,ID0000000009,ID0000001795,2024-01-19
ID0000000662,ID0000000009,ID0000001796,2024-01-19
ID0000000663,ID0000000009,ID0000001797,2024-01-19
ID0000000664,ID0000000009,ID0000001798,2024-01-19
ID0000000665,ID0000000009,ID0000001799,2024-01-19
ID0000000666,ID0000000009,ID0000001800,2024-01-19
ID0000000667,ID0000000009,ID0000001801,2024-01-19
ID0000000668,ID0000000009,ID0000001802,2024-01-19
ID0000000669,ID0000000009,ID0000001803,2024-01-19
ID0000000670,ID0000000009,ID0000001804,2024-01-19
ID0000000671,ID0000000009,ID0000001805,2024-01-19
ID0000000672,ID0000000009,ID0000001806,2024-01-19
ID0000000673,ID0000000009,ID0000001807,2024-01-19
ID0000000674,ID0000000009,ID0000001808,2024-01-19
ID0000000675,ID0000000009,ID0000001809,2024-01-19
ID0000000676,ID0000000009,ID0000001810,2024-01-19
ID0000000677,ID0000000009,ID0000001811,2024-01-19
ID0000000678,ID0000000009,ID0000001812,2024-01-20
ID0000000679,ID0000000009,ID0000001813,2024-01-20
ID0000000680,ID0000000009,ID0000001814,2024-01-20
ID0000000681,ID0000000009,ID0000001815,2024-01-20
ID0000000682,ID0000000009,ID0000001816,2024-01-20
ID0000000683,ID0000000009,ID0000001817,2024-01-21
ID0000000684,ID0000000009,ID0000001818,2024-01-21
ID0000000685,ID0000000010,ID0000001836,2024-01-23
ID0000000686,ID0000000010,ID0000001837,2024-01-23
ID0000000687,ID0000000010,ID0000001838,2024-01-23
ID0000000688,ID0000000010,ID0000001839,2024-01-23
ID0000000689,ID0000000010,ID0000001840,2024-01-23
ID0000000690,ID0000000010,ID0000001841,2024-01-23
ID0000000691,ID0000000010,ID0000001842,2024-01-23
ID0000000692,ID0000000010,ID0000001843,2024-01-23
ID0000000693,ID0000000010,ID0000001844,2024-01-23
ID0000000694,ID0000000010,ID0000001845,2024-01-23
ID0000000695,ID0000000010,ID0000001846,2024-01-23
ID0000000696,ID0000000010,ID0000001847,2024-01-23
ID0000000697,ID0000000010,ID0000001848,2024-01-23
ID0000000698,ID0000000010,ID0000001849,2024-01-23
ID0000000699,ID0000000010,ID0000001850,2024-01-23
ID0000000700,ID0000000010,ID0000001851,2024-01-23
ID0000000701,ID0000000010,ID0000001852,2024-01-23
ID0000000702,ID0000000010,ID0000001853,2024-01-23
ID0000000703,ID0000000010,ID0000001854,2024-01-23
ID0000000704,ID0000000010,ID0000001855,2024-01-23
ID0000000705,ID0000000010,ID0000001856,2024-01-23
ID0000000706,ID0000000010,ID0000001857,2024-01-23
ID0000000707,ID0000000010,ID0000001858,2024-01-23
ID0000000708,ID0000000010,ID0000001859,2024-01-23
ID0000000709,ID0000000010,ID0000001860,2024-01-23
ID0000000710,ID0000000010,ID0000001861,2024-01-23
ID0000000711,ID0000000010,ID0000001862,2024-01-23
ID0000000712,ID0000000010,ID0000001863,2024-01-23
ID0000000713,ID0000000010,ID0000001864,2024-01-23
ID0000000714,ID0000000010,ID0000001865,2024-01-23
ID0000000715,ID0000000010,ID0000001866,2024-01-23
ID0000000716,ID0000000010,ID0000001867,2024-01-23
ID0000000717,ID0000000010,ID0000001868,2024-01-23
ID0000000718,ID0000000010,ID0000001869,2024-01-23
ID0000000719,ID0000000010,ID0000001870,2024-01-23
ID0000000720,ID0000000010,ID0000001871,2024-01-23
ID0000000721,ID0000000010,ID0000001872,2024-01-23
ID0000000722,ID0000000010,ID0000001873,2024-01-23
ID0000000723,ID0000000010,ID0000001874,2024-01-23
ID0000000724,ID0000000010,ID0000001875,2024-01-23
ID0000000725,ID0000000010,ID0000001876,2024-01-23
ID0000000726,ID0000000010,ID0000001877,2024-01-23
ID0000000727,ID0000000010,ID0000001878,2024-01-23
ID0000000728,ID0000000010,ID0000001879,2024-01-23
ID0000000729,ID0000000010,ID0000001880,2024-01-23
ID0000000730,ID0000000010,ID0000001881,2024-01-23
ID0000000731,ID0000000010,ID0000001882,2024-01-23
ID0000000732,ID0000000010,ID0000001883,2024-01-23
ID0000000733,ID0000000010,ID0000001884,2024-01-23
ID0000000734,ID0000000010,ID0000001885,2024-01-23
ID0000000735,ID0000000010,ID0000001886,2024-01-23
ID0000000736,ID0000000010,ID0000001887,2024-01-23
ID0000000737,ID0000000010,ID0000001888,2024-01-23
ID0000000738,ID0000000010,ID0000001889,2024-01-23
ID0000000739,ID0000000010,ID0000001890,2024-01-23
ID0000000740,ID0000000010,ID0000001891,2024-01-23
ID0000000741,ID0000000010,ID0000001892,2024-01-23
ID0000000742,ID0000000010,ID0000001893,2024-01-23
ID0000000743,ID0000000010,ID0000001894,2024-01-23
ID0000000744,ID0000000010,ID0000001895,2024-01-23
ID0000000745,ID0000000010,ID0000001896,2024-01-23
ID0000000746,ID0000000010,ID0000001897,2024-01-23
ID0000000747,ID0000000010,ID0000001898,2024-01-23
ID0000000748,ID0000000010,ID0000001899,2024-01-23
ID0000000749,ID0000000010,ID0000001900,2024-01-23
ID0000000750,ID0000000010,ID0000001901,2024-01-23
ID0000000751,ID0000000010,ID0000001902,2024-01-23
ID0000000752,ID0000000010,ID0000001903,2024-01-23
ID0000000753,ID0000000010,ID0000001904,2024-01-23
ID0000000754,ID0000000010,ID0000001905,2024-01-23
ID0000000755,ID0000000010,ID0000001906,2024-01-23
ID0000000756,ID0000000010,ID0000001907,2024-01-23
ID0000000757,ID0000000010,ID0000001908,2024-01-23
ID0000000758,ID0000000010,ID0000001909,2024-01-23
ID0000000759,ID0000000010,ID0000001910,2024-01-23
ID0000000760,ID0000000010,ID0000001911,2024-01-23
ID0000000761,ID0000000010,ID0000001912,2024-01-23
ID0000000762,ID0000000010,ID0000001913,2024-01-23
ID0000000763,ID0000000010,ID0000001914,2024-01-23
ID0000000764,ID0000000010,ID0000001915,2024-01-23
ID0000000765,ID0000000010,ID0000001916,2024-01-23
ID0000000766,ID0000000010,ID0000001917,2024-01-23
ID0000000767,ID0000000010,ID0000001918,2024-01-23
ID0000000768,ID0000000010,ID0000001919,2024-01-23
ID0000000769,ID0000000010,ID0000001920,2024-01-23
ID0000000770,ID0000000010,ID0000001921,2024-01-23
ID0000000771,ID0000000010,ID0000001922,2024-01-23
ID0000000772,ID0000000010,ID0000001923,2024-01-23
ID0000000773,ID0000000010,ID0000001924,2024-01-23
ID0000000774,ID0000000010,ID0000001925,2024-01-23
ID0000000775,ID0000000010,ID0000001926,2024-01-23
ID0000000776,ID0000000010,ID0000001927,2024-01-23
ID0000000777,ID0000000010,ID0000001928,2024-01-23
ID0000000778,ID0000000010,ID0000001929,2024-01-23
ID0000000779,ID0000000010,ID0000001930,2024-01-23
ID0000000780,ID0000000010,ID0000001931,2024-01-23
ID0000000781,ID0000000010,ID0000001932,2024-01-23
ID0000000782,ID0000000010,ID0000001933,2024-01-23
ID0000000783,ID0000000010,ID0000001934,2024-01-23
ID0000000784,ID0000000010,ID0000001935,2024-01-23
ID0000000785,ID0000000010,ID0000001936,2024-01-23
ID0000000786,ID0000000010,ID0000001937,2024-01-23
ID0000000787,ID0000000010,ID0000001938,2024-01-23
ID0000000788,ID0000000010,ID0000001939,2024-01-23
ID0000000789,ID0000000010,ID0000001940,2024-01-23
ID0000000790,ID0000000010,ID0000001941,2024-01-23
ID0000000791,ID0000000010,ID0000001942,2024-01-23
ID0000000792,ID0000000010,ID0000001943,2024-01-23
ID0000000793,ID0000000010,ID0000001944,2024-01-23
ID0000000794,ID0000000010,ID0000001945,2024-01-23
ID0000000795,ID0000000010,ID0000001946,2024-01-23
ID0000000796,ID0000000010,ID0000001947,2024-01-23
ID0000000797,ID0000000010,ID0000001948,2024-01-23
ID0000000798,ID0000000010,ID0000001949,2024-01-23
ID0000000799,ID0000000010,ID0000001950,2024-01-23
ID0000000800,ID0000000010,ID0000001951,2024-01-23
ID0000000801,ID0000000010,ID0000001952,2024-01-23
ID0000000802,ID0000000010,ID0000001953,2024-01-23
ID0000000803,ID0000000010,ID0000001954,2024-01-23
ID0000000804,ID0000000010,ID0000001955,2024-01-23
ID0000000805,ID0000000010,ID0000001956,2024-01-23
ID0000000806,ID0000000010,ID0000001957,2024-01-23
ID0000000807,ID0000000010,ID0000001958,2024-01-23
ID0000000808,ID0000000010,ID0000001959,2024-01-23
ID0000000809,ID0000000010,ID0000001960,2024-01-23
ID0000000810,ID0000000010,ID0000001961,2024-01-23
ID0000000811,ID0000000010,ID0000001962,2024-01-23
ID0000000812,ID0000000010,ID0000001963,2024-01-23
ID0000000813,ID0000000010,ID0000001964,2024-01-23
ID0000000814,ID0000000010,ID0000001965,2024-01-23
ID0000000815,ID0000000010,ID0000001966,2024-01-23
ID0000000816,ID0000000010,ID0000001967,2024-01-23
ID0000000817,ID0000000010,ID0000001968,2024-01-23
ID0000000818,ID0000000010,ID0000001969,2024-01-23
ID0000000819,ID0000000010,ID0000001970,2024-01-23
ID0000000820,ID0000000010,ID0000001971,2024-01-23
ID0000000821,ID0000000010,ID0000001972,2024-01-23
ID0000000822,ID0000000010,ID0000001973,2024-01-23
ID0000000823,ID0000000010,ID0000001974,2024-01-23
ID0000000824,ID0000000010,ID0000001975,2024-01-23
ID0000000825,ID0000000010,ID0000001976,2024-01-23
ID0000000826,ID0000000010,ID0000001977,2024-01-23
ID0000000827,ID0000000010,ID0000001978,2024-01-23
ID0000000828,ID0000000010,ID0000001979,2024-01-23
ID0000000829,ID0000000010,ID0000001980,2024-01-23
ID0000000830,ID0000000010,ID0000001981,2024-01-23
ID0000000831,ID0000000010,ID0000001982,2024-01-23
ID0000000832,ID0000000010,ID0000001983,2024-01-23
ID0000000833,ID0000000010,ID0000001984,2024-01-23
ID0000000834,ID0000000010,ID0000001985,2024-01-23
ID0000000835,ID0000000010,ID0000001986,2024-01-23
ID0000000836,ID0000000010,ID0000001987,2024-01-23
ID0000000837,ID0000000010,ID0000001988,2024-01-23
ID0000000838,ID0000000010,ID0000001989,2024-01-23
ID0000000839,ID0000000010,ID0000001990,2024-01-23
ID0000000840,ID0000000010,ID0000001991,2024-01-23
ID0000000841,ID0000000010,ID0000001992,2024-01-23
ID0000000842,ID0000000010,ID0000001993,2024-01-23
ID0000000843,ID0000000010,ID0000001994,2024-01-23
ID0000000844,ID0000000010,ID0000001995,2024-01-23
ID0000000845,ID0000000010,ID0000001996,2024-01-23
ID0000000846,ID0000000010,ID0000001997,2024-01-23
ID0000000847,ID0000000010,ID0000001998,2024-01-23
ID0000000848,ID0000000010,ID0000001999,2024-01-23
ID0000000849,ID0000000010,ID0000002000,2024-01-23
ID0000000850,ID0000000010,ID0000002001,2024-01-23
ID0000000851,ID0000000010,ID0000002002,2024-01-23
ID0000000852,ID0000000010,ID0000002003,2024-01-23
ID0000000853,ID0000000010,ID0000002004,2024-01-23
ID0000000854,ID0000000010,ID0000002005,2024-01-23
ID0000000855,ID0000000010,ID0000002006,2024-01-23
ID0000000856,ID0000000010,ID0000002007,2024-01-23
ID0000000857,ID0000000010,ID0000002008,2024-01-23
ID0000000858,ID0000000010,ID0000002009,2024-01-23
ID0000000859,ID0000000010,ID0000002010,2024-01-23
ID0000000860,ID0000000010,ID0000002011,2024-01-23
ID0000000861,ID0000000010,ID0000002012,2024-01-23
ID0000000862,ID0000000010,ID0000002013,2024-01-23
ID0000000863,ID0000000010,ID0000002014,2024-01-23
ID0000000864,ID0000000010,ID0000002015,2024-01-23
ID0000000865,ID0000000010,ID0000002016,2024-01-23
ID0000000866,ID0000000010,ID0000002017,2024-01-23
ID0000000867,ID0000000010,ID0000002018,2024-01-23
ID0000000868,ID0000000010,ID0000002019,2024-01-23
ID0000000869,ID0000000010,ID0000002020,2024-01-23
ID0000000870,ID0000000010,ID0000002021,2024-01-23
ID0000000871,ID0000000010,ID0000002022,2024-01-23
ID0000000872,ID0000000010,ID0000002023,2024-01-23
ID0000000873,ID0000000010,ID0000002024,2024-01-23
ID0000000874,ID0000000010,ID0000002025,2024-01-23
ID0000000875,ID0000000010,ID0000002026,2024-01-23
ID0000000876,ID0000000010,ID0000002027,2024-01-23
ID0000000877,ID0000000010,ID0000002028,2024-01-23
ID0000000878,ID0000000010,ID0000002029,2024-01-23
ID0000000879,ID0000000010,ID0000002030,2024-01-23
ID0000000880,ID0000000010,ID0000002031,2024-01-23
ID0000000881,ID0000000010,ID0000002032,2024-01-23
ID0000000882,ID0000000010,ID0000002033,2024-01-23
ID0000000883,ID0000000010,ID0000002034,2024-01-23
ID0000000884,ID0000000010,ID0000002035,2024-01-23
ID0000000885,ID0000000010,ID0000002036,2024-01-23
ID0000000886,ID0000000010,ID0000002037,2024-01-23
ID0000000887,ID0000000010,ID0000002038,2024-01-23
ID0000000888,ID0000000010,ID0000002039,2024-01-23
ID0000000889,ID0000000010,ID0000002040,2024-01-23
ID0000000890,ID0000000010,ID0000002041,2024-01-23
ID0000000891,ID0000000010,ID0000002042,2024-01-23
ID0000000892,ID0000000010,ID0000002043,2024-01-23
ID0000000893,ID0000000010,ID0000002044,2024-01-23
ID0000000894,ID0000000010,ID0000002045,2024-01-23
ID0000000895,ID0000000010,ID0000002046,2024-01-23
ID0000000896,ID0000000010,ID0000002047,2024-01-23
ID0000000897,ID0000000010,ID0000002048,2024-01-23
ID0000000898,ID0000000010,ID0000002049,2024-01-23
ID0000000899,ID0000000010,ID0000002050,2024-01-23
ID0000000900,ID0000000010,ID0000002051,2024-01-23
ID0000000901,ID0000000010,ID0000002052,2024-01-23
ID0000000902,ID0000000010,ID0000002053,2024-01-23
ID0000000903,ID0000000010,ID0000002054,2024-01-23
ID0000000904,ID0000000010,ID0000002055,2024-01-23
ID0000000905,ID0000000010,ID0000002056,2024-01-23
ID0000000906,ID0000000010,ID0000002057,2024-01-23
ID0000000907,ID0000000010,ID0000002058,2024-01-23
ID0000000908,ID0000000010,ID0000002059,2024-01-23
ID0000000909,ID0000000010,ID0000002060,2024-01-23
ID0000000910,ID0000000010,ID0000002061,2024-01-23
ID0000000911,ID0000000010,ID0000002062,2024-01-23
ID0000000912,ID0000000010,ID0000002063,2024-01-23
ID0000000913,ID0000000010,ID0000002064,2024-01-23
ID0000000914,ID0000000010,ID0000002065,2024-01-23
ID0000000915,ID0000000010,ID0000002066,2024-01-23
ID0000000916,ID0000000010,ID0000002067,2024-01-23
ID0000000917,ID0000000010,ID0000002068,2024-01-23
ID0000000918,ID0000000010,ID0000002069,2024-01-23
ID0000000919,ID0000000010,ID0000002070,2024-01-23
ID0000000920,ID0000000010,ID0000002071,2024-01-23
ID0000000921,ID0000000010,ID0000002072,2024-01-23
ID0000000922,ID0000000010,ID0000002073,2024-01-23
ID0000000923,ID0000000010,ID0000002074,2024-01-23
ID0000000924,ID0000000010,ID0000002075,2024-01-23
ID0000000925,ID0000000010,ID0000002076,2024-01-23
ID0000000926,ID0000000010,ID0000002077,2024-01-23
ID0000000927,ID0000000011,ID0000002277,2024-02-23
ID0000000928,ID0000000011,ID0000002278,2024-02-23
ID0000000929,ID0000000011,ID0000002279,2024-02-23
ID0000000930,ID0000000011,ID0000002280,2024-02-23
ID0000000931,ID0000000011,ID0000002281,2024-02-23
ID0000000932,ID0000000011,ID0000002282,2024-02-23
ID0000000933,ID0000000011,ID0000002283,2024-02-23
ID0000000934,ID0000000011,ID0000002284,2024-02-23
ID0000000935,ID0000000011,ID0000002285,2024-02-23
ID0000000936,ID0000000011,ID0000002286,2024-02-23
ID0000000937,ID0000000011,ID0000002287,2024-02-23
ID0000000938,ID0000000011,ID0000002288,2024-02-23
ID0000000939,ID0000000011,ID0000002289,2024-02-23
ID0000000940,ID0000000011,ID0000002290,2024-02-23
ID0000000941,ID0000000011,ID0000002291,2024-02-23
ID0000000942,ID0000000011,ID0000002292,2024-02-23
ID0000000943,ID0000000011,ID0000002293,2024-02-23
ID0000000944,ID0000000011,ID0000002294,2024-02-23
ID0000000945,ID0000000011,ID0000002295,2024-02-23
ID0000000946,ID0000000011,ID0000002296,2024-02-23
ID0000000947,ID0000000011,ID0000002297,2024-02-23
ID0000000948,ID0000000011,ID0000002298,2024-02-23
ID0000000949,ID0000000011,ID0000002299,2024-02-23
ID0000000950,ID0000000011,ID0000002300,2024-02-23
ID0000000951,ID0000000011,ID0000002301,2024-02-23
ID0000000952,ID0000000011,ID0000002302,2024-02-23
ID0000000953,ID0000000011,ID0000002303,2024-02-23
ID0000000954,ID0000000011,ID0000002304,2024-02-23
ID0000000955,ID0000000011,ID0000002305,2024-02-23
ID0000000956,ID0000000011,ID0000002306,2024-02-23
ID0000000957,ID0000000011,ID0000002307,2024-02-23
ID0000000958,ID0000000011,ID0000002308,2024-02-23
ID0000000959,ID0000000011,ID0000002309,2024-02-23
ID0000000960,ID0000000011,ID0000002310,2024-02-23
ID0000000961,ID0000000011,ID0000002311,2024-02-23
ID0000000962,ID0000000011,ID0000002312,2024-02-23
ID0000000963,ID0000000011,ID0000002313,2024-02-23
ID0000000964,ID0000000011,ID0000002314,2024-02-23
ID0000000965,ID0000000011,ID0000002315,2024-02-23
ID0000000966,ID0000000011,ID0000002316,2024-02-23
ID0000000967,ID0000000011,ID0000002317,2024-02-23
ID0000000968,ID0000000011,ID0000002318,2024-02-23
ID0000000969,ID0000000011,ID0000002319,2024-02-23
ID0000000970,ID0000000011,ID0000002320,2024-02-23
ID0000000971,ID0000000011,ID0000002321,2024-02-23
ID0000000972,ID0000000011,ID0000002322,2024-02-23
ID0000000973,ID0000000011,ID0000002323,2024-02-23
ID0000000974,ID0000000011,ID0000002324,2024-02-23
ID0000000975,ID0000000011,ID0000002325,2024-02-23
ID0000000976,ID0000000011,ID0000002326,2024-02-23
ID0000000977,ID0000000011,ID0000002327,2024-02-23
ID0000000978,ID0000000011,ID0000002328,2024-02-23
ID0000000979,ID0000000011,ID0000002329,2024-02-23
ID0000000980,ID0000000011,ID0000002330,2024-02-23
ID0000000981,ID0000000011,ID0000002331,2024-02-23
ID0000000982,ID0000000011,ID0000002332,2024-02-23
ID0000000983,ID0000000011,ID0000002333,2024-02-23
ID0000000984,ID0000000011,ID0000002334,2024-02-23
ID0000000985,ID0000000011,ID0000002335,2024-02-23
ID0000000986,ID0000000011,ID0000002336,2024-02-23
ID0000000987,ID0000000011,ID0000002337,2024-02-23
ID0000000988,ID0000000011,ID0000002338,2024-02-23
ID0000000989,ID0000000011,ID0000002339,2024-02-23
ID0000000990,ID0000000011,ID0000002340,2024-02-23
ID0000000991,ID0000000011,ID0000002341,2024-02-23
ID0000000992,ID0000000011,ID0000002342,2024-02-23
ID0000000993,ID0000000011,ID0000002343,2024-02-23
ID0000000994,ID0000000011,ID0000002344,2024-02-23
ID0000000995,ID0000000011,ID0000002345,2024-02-23
ID0000000996,ID0000000011,ID0000002346,2024-02-23
ID0000000997,ID0000000011,ID0000002347,2024-02-23
ID0000000998,ID0000000011,ID0000002348,2024-02-23
ID0000000999,ID0000000011,ID0000002349,2024-02-23
ID0000001000,ID0000000011,ID0000002350,2024-02-23
ID0000001001,ID0000000011,ID0000002351,2024-02-23
ID0000001002,ID0000000011,ID0000002352,2024-02-23
ID0000001003,ID0000000011,ID0000002353,2024-02-23
ID0000001004,ID0000000011,ID0000002354,2024-02-23
ID0000001005,ID0000000011,ID0000002355,2024-02-23
ID0000001006,ID0000000011,ID0000002356,2024-02-23
ID0000001007,ID0000000011,ID0000002357,2024-02-23
ID0000001008,ID0000000011,ID0000002358,2024-02-23
ID0000001009,ID0000000011,ID0000002359,2024-02-23
ID0000001010,ID0000000011,ID0000002360,2024-02-23
ID0000001011,ID0000000011,ID0000002361,2024-02-23
ID0000001012,ID0000000011,ID0000002362,2024-02-23
ID0000001013,ID0000000011,ID0000002363,2024-02-23
ID0000001014,ID0000000011,ID0000002364,2024-02-23
ID0000001015,ID0000000011,ID0000002365,2024-02-23
ID0000001016,ID0000000011,ID0000002366,2024-02-23
ID0000001017,ID0000000011,ID0000002367,2024-02-23
ID0000001018,ID0000000011,ID0000002368,2024-02-23
ID0000001019,ID0000000011,ID0000002369,2024-02-23
ID0000001020,ID0000000011,ID0000002370,2024-02-23
ID0000001021,ID0000000011,ID0000002371,2024-02-23
ID0000001022,ID0000000011,ID0000002372,2024-02-23
ID0000001023,ID0000000011,ID0000002373,2024-02-23
ID0000001024,ID0000000011,ID0000002374,2024-02-23
ID0000001025,ID0000000011,ID0000002375,2024-02-23
ID0000001026,ID0000000011,ID0000002376,2024-02-23
ID0000001027,ID0000000011,ID0000002377,2024-02-23
ID0000001028,ID0000000011,ID0000002378,2024-02-23
ID0000001029,ID0000000011,ID0000002379,2024-02-23
ID0000001030,ID0000000011,ID0000002380,2024-02-23
ID0000001031,ID0000000011,ID0000002381,2024-02-23
ID0000001032,ID0000000011,ID0000002382,2024-02-23
ID0000001033,ID0000000011,ID0000002383,2024-02-23
ID0000001034,ID0000000011,ID0000002384,2024-02-23
ID0000001035,ID0000000011,ID0000002385,2024-02-23
ID0000001036,ID0000000011,ID0000002386,2024-02-23
ID0000001037,ID0000000011,ID0000002387,2024-02-23
ID0000001038,ID0000000011,ID0000002388,2024-02-23
ID0000001039,ID0000000011,ID0000002389,2024-02-23
ID0000001040,ID0000000011,ID0000002390,2024-02-23
ID0000001041,ID0000000011,ID0000002391,2024-02-23
ID0000001042,ID0000000011,ID0000002392,2024-02-23
ID0000001043,ID0000000011,ID0000002393,2024-02-23
ID0000001044,ID0000000011,ID0000002394,2024-02-23
ID0000001045,ID0000000011,ID0000002395,2024-02-23
ID0000001046,ID0000000011,ID0000002396,2024-02-23
ID0000001047,ID0000000011,ID0000002397,2024-02-23
ID0000001048,ID0000000011,ID0000002398,2024-02-23
ID0000001049,ID0000000011,ID0000002399,2024-02-23
ID0000001050,ID0000000011,ID0000002400,2024-02-23
ID0000001051,ID0000000011,ID0000002401,2024-02-23
ID0000001052,ID0000000011,ID0000002402,2024-02-23
ID0000001053,ID0000000011,ID0000002403,2024-02-23
ID0000001054,ID0000000011,ID0000002404,2024-02-23
ID0000001055,ID0000000011,ID0000002405,2024-02-23
ID0000001056,ID0000000011,ID0000002406,2024-02-23
ID0000001057,ID0000000011,ID0000002407,2024-02-23
ID0000001058,ID0000000011,ID0000002408,2024-02-23
ID0000001059,ID0000000011,ID0000002409,2024-02-23
ID0000001060,ID0000000011,ID0000002410,2024-02-23
ID0000001061,ID0000000011,ID0000002411,2024-02-23
ID0000001062,ID0000000011,ID0000002412,2024-02-23
ID0000001063,ID0000000011,ID0000002413,2024-02-23
ID0000001064,ID0000000011,ID0000002414,2024-02-23
ID0000001065,ID0000000011,ID0000002415,2024-02-23
ID0000001066,ID0000000011,ID0000002416,2024-02-23
ID0000001067,ID0000000011,ID0000002417,2024-02-23
ID0000001068,ID0000000011,ID0000002418,2024-02-23
ID0000001069,ID0000000011,ID0000002419,2024-02-23
ID0000001070,ID0000000011,ID0000002420,2024-02-23
ID0000001071,ID0000000011,ID0000002421,2024-02-23
ID0000001072,ID0000000011,ID0000002422,2024-02-23
ID0000001073,ID0000000011,ID0000002423,2024-02-23
ID0000001074,ID0000000011,ID0000002424,2024-02-23
ID0000001075,ID0000000011,ID0000002425,2024-02-23
ID0000001076,ID0000000011,ID0000002426,2024-02-23
ID0000001077,ID0000000011,ID0000002427,2024-02-23
ID0000001078,ID0000000011,ID0000002428,2024-02-23
ID0000001079,ID0000000011,ID0000002429,2024-02-23
ID0000001080,ID0000000011,ID0000002430,2024-02-23
ID0000001081,ID0000000011,ID0000002431,2024-02-23
ID0000001082,ID0000000011,ID0000002432,2024-02-23
ID0000001083,ID0000000011,ID0000002433,2024-02-23
ID0000001084,ID0000000011,ID0000002434,2024-02-23
ID0000001085,ID0000000011,ID0000002435,2024-02-23
ID0000001086,ID0000000011,ID0000002436,2024-02-23
ID0000001087,ID0000000011,ID0000002437,2024-02-23
ID0000001088,ID0000000011,ID0000002438,2024-02-23
ID0000001089,ID0000000011,ID0000002439,2024-02-23
ID0000001090,ID0000000011,ID0000002440,2024-02-23
ID0000001091,ID0000000011,ID0000002441,2024-02-23
ID0000001092,ID0000000011,ID0000002442,2024-02-23
ID0000001093,ID0000000011,ID0000002443,2024-02-23
ID0000001094,ID0000000011,ID0000002444,2024-02-23
ID0000001095,ID0000000011,ID0000002445,2024-02-23
ID0000001096,ID0000000011,ID0000002446,2024-02-23
ID0000001097,ID0000000011,ID0000002447,2024-02-23
ID0000001098,ID0000000011,ID0000002448,2024-02-23
ID0000001099,ID0000000011,ID0000002449,2024-02-23
ID0000001100,ID0000000012,ID0000002616,2024-03-28
ID0000001101,ID0000000012,ID0000002617,2024-03-28
ID0000001102,ID0000000012,ID0000002618,2024-03-28
ID0000001103,ID0000000012,ID0000002619,2024-03-28
ID0000001104,ID0000000012,ID0000002620,2024-03-28
ID0000001105,ID0000000012,ID0000002621,2024-03-28
ID0000001106,ID0000000012,ID0000002622,2024-03-28
ID0000001107,ID0000000012,ID0000002623,2024-03-28
ID0000001108,ID0000000012,ID0000002624,2024-03-28
ID0000001109,ID0000000012,ID0000002625,2024-03-28
ID0000001110,ID0000000012,ID0000002626,2024-03-28
ID0000001111,ID0000000012,ID0000002627,2024-03-28
ID0000001112,ID0000000012,ID0000002628,2024-03-28
ID0000001113,ID0000000012,ID0000002629,2024-03-28
ID0000001114,ID0000000012,ID0000002630,2024-03-28
ID0000001115,ID0000000012,ID0000002631,2024-03-28
ID0000001116,ID0000000012,ID0000002632,2024-03-28
ID0000001117,ID0000000012,ID0000002633,2024-03-28
ID0000001118,ID0000000012,ID0000002634,2024-03-28
ID0000001119,ID0000000012,ID0000002635,2024-03-28
ID0000001120,ID0000000012,ID0000002636,2024-03-28
ID0000001121,ID0000000012,ID0000002637,2024-03-28
ID0000001122,ID0000000012,ID0000002638,2024-03-28
ID0000001123,ID0000000012,ID0000002639,2024-03-28
ID0000001124,ID0000000012,ID0000002640,2024-03-28
ID0000001125,ID0000000012,ID0000002641,2024-03-28
ID0000001126,ID0000000012,ID0000002642,2024-03-28
ID0000001127,ID0000000012,ID0000002643,2024-03-28
ID0000001128,ID0000000012,ID0000002644,2024-03-28
ID0000001129,ID0000000012,ID0000002645,2024-03-28
ID0000001130,ID0000000012,ID0000002646,2024-03-28
ID0000001131,ID0000000012,ID0000002647,2024-03-28
ID0000001132,ID0000000012,ID0000002648,2024-03-28
ID0000001133,ID0000000012,ID0000002649,2024-03-28
ID0000001134,ID0000000012,ID0000002650,2024-03-28
ID0000001135,ID0000000012,ID0000002651,2024-03-28
ID0000001136,ID0000000012,ID0000002652,2024-03-28
ID0000001137,ID0000000012,ID0000002653,2024-03-28
ID0000001138,ID0000000012,ID0000002654,2024-03-28
ID0000001139,ID0000000012,ID0000002655,2024-03-28
ID0000001140,ID0000000012,ID0000002656,2024-03-28
ID0000001141,ID0000000012,ID0000002657,2024-03-28
ID0000001142,ID0000000012,ID0000002658,2024-03-28
ID0000001143,ID0000000012,ID0000002659,2024-03-28
ID0000001144,ID0000000012,ID0000002660,2024-03-28
ID0000001145,ID0000000012,ID0000002661,2024-03-28
ID0000001146,ID0000000012,ID0000002662,2024-03-28
ID0000001147,ID0000000012,ID0000002663,2024-03-28
ID0000001148,ID0000000012,ID0000002664,2024-03-28
ID0000001149,ID0000000012,ID0000002665,2024-03-28
ID0000001150,ID0000000012,ID0000002666,2024-03-28
ID0000001151,ID0000000012,ID0000002667,2024-03-28
ID0000001152,ID0000000012,ID0000002668,2024-03-28
ID0000001153,ID0000000012,ID0000002669,2024-03-28
ID0000001154,ID0000000012,ID0000002670,2024-03-28
ID0000001155,ID0000000012,ID0000002671,2024-03-28
ID0000001156,ID0000000012,ID0000002672,2024-03-28
ID0000001157,ID0000000012,ID0000002673,2024-03-28
ID0000001158,ID0000000012,ID0000002674,2024-03-28
ID0000001159,ID0000000012,ID0000002675,2024-03-28
ID0000001160,ID0000000012,ID0000002676,2024-03-28
ID0000001161,ID0000000012,ID0000002677,2024-03-28
ID0000001162,ID0000000012,ID0000002678,2024-03-28
ID0000001163,ID0000000012,ID0000002679,2024-03-28
ID0000001164,ID0000000012,ID0000002680,2024-03-28
ID0000001165,ID0000000012,ID0000002681,2024-03-28
ID0000001166,ID0000000012,ID0000002682,2024-03-28
ID0000001167,ID0000000012,ID0000002683,2024-03-28
ID0000001168,ID0000000012,ID0000002684,2024-03-28
ID0000001169,ID0000000012,ID0000002685,2024-03-28
ID0000001170,ID0000000012,ID0000002686,2024-03-28
ID0000001171,ID0000000012,ID0000002687,2024-03-28
ID0000001172,ID0000000012,ID0000002688,2024-03-28
ID0000001173,ID0000000012,ID0000002689,2024-03-28
ID0000001174,ID0000000012,ID0000002690,2024-03-28
ID0000001175,ID0000000012,ID0000002691,2024-03-28
ID0000001176,ID0000000012,ID0000002692,2024-03-28
ID0000001177,ID0000000012,ID0000002693,2024-03-28
ID0000001178,ID0000000012,ID0000002694,2024-03-28
ID0000001179,ID0000000012,ID0000002695,2024-03-28
ID0000001180,ID0000000012,ID0000002696,2024-03-28
ID0000001181,ID0000000012,ID0000002697,2024-03-28
ID0000001182,ID0000000012,ID0000002698,2024-03-28
ID0000001183,ID0000000012,ID0000002699,2024-03-28
ID0000001184,ID0000000012,ID0000002700,2024-03-28
ID0000001185,ID0000000012,ID0000002701,2024-03-28
ID0000001186,ID0000000012,ID0000002702,2024-03-28
ID0000001187,ID0000000012,ID0000002703,2024-03-28
ID0000001188,ID0000000012,ID0000002704,2024-03-28
ID0000001189,ID0000000012,ID0000002705,2024-03-28
ID0000001190,ID0000000012,ID0000002706,2024-03-28
ID0000001191,ID0000000012,ID0000002707,2024-03-28
ID0000001192,ID0000000012,ID0000002708,2024-03-28
ID0000001193,ID0000000012,ID0000002709,2024-03-28
ID0000001194,ID0000000012,ID0000002710,2024-03-28
ID0000001195,ID0000000013,ID0000002745,2024-04-03
ID0000001196,ID0000000013,ID0000002746,2024-04-03
ID0000001197,ID0000000013,ID0000002747,2024-04-03
ID0000001198,ID0000000013,ID0000002748,2024-04-03
ID0000001199,ID0000000013,ID0000002749,2024-04-03
ID0000001200,ID0000000013,ID0000002750,2024-04-03
ID0000001201,ID0000000013,ID0000002751,2024-04-03
ID0000001202,ID0000000013,ID0000002752,2024-04-03
ID0000001203,ID0000000013,ID0000002753,2024-04-03
ID0000001204,ID0000000013,ID0000002754,2024-04-03
ID0000001205,ID0000000013,ID0000002755,2024-04-03
ID0000001206,ID0000000013,ID0000002756,2024-04-03
ID0000001207,ID0000000013,ID0000002757,2024-04-03
ID0000001208,ID0000000013,ID0000002771,2024-04-04
ID0000001209,ID0000000013,ID0000002772,2024-04-04
ID0000001210,ID0000000013,ID0000002773,2024-04-04
ID0000001211,ID0000000013,ID0000002774,2024-04-04
ID0000001212,ID0000000013,ID0000002775,2024-04-04
ID0000001213,ID0000000013,ID0000002776,2024-04-04
ID0000001214,ID0000000013,ID0000002777,2024-04-04
ID0000001215,ID0000000013,ID0000002778,2024-04-04
ID0000001216,ID0000000013,ID0000002779,2024-04-04
ID0000001217,ID0000000013,ID0000002780,2024-04-04
ID0000001218,ID0000000013,ID0000002781,2024-04-04
ID0000001219,ID0000000013,ID0000002782,2024-04-04
ID0000001220,ID0000000013,ID0000002783,2024-04-04
ID0000001221,ID0000000013,ID0000002784,2024-04-04
ID0000001222,ID0000000013,ID0000002785,2024-04-04
ID0000001223,ID0000000013,ID0000002786,2024-04-04
ID0000001224,ID0000000013,ID0000002787,2024-04-04
ID0000001225,ID0000000013,ID0000002788,2024-04-04
ID0000001226,ID0000000013,ID0000002789,2024-04-04
ID0000001227,ID0000000013,ID0000002790,2024-04-04
ID0000001228,ID0000000013,ID0000002791,2024-04-04
ID0000001229,ID0000000013,ID0000002792,2024-04-04
ID0000001230,ID0000000013,ID0000002793,2024-04-04
ID0000001231,ID0000000013,ID0000002794,2024-04-04
ID0000001232,ID0000000013,ID0000002803,2024-04-05
ID0000001233,ID0000000013,ID0000002804,2024-04-05
ID0000001234,ID0000000013,ID0000002805,2024-04-05
ID0000001235,ID0000000013,ID0000002806,2024-04-05
ID0000001236,ID0000000013,ID0000002807,2024-04-05
ID0000001237,ID0000000013,ID0000002808,2024-04-05
ID0000001238,ID0000000013,ID0000002809,2024-04-05
ID0000001239,ID0000000013,ID0000002810,2024-04-05
ID0000001240,ID0000000013,ID0000002811,2024-04-05
ID0000001241,ID0000000013,ID0000002812,2024-04-05
ID0000001242,ID0000000013,ID0000002813,2024-04-05
ID0000001243,ID0000000013,ID0000002814,2024-04-05
ID0000001244,ID0000000013,ID0000002819,2024-04-06
ID0000001245,ID0000000013,ID0000002820,2024-04-06
ID0000001246,ID0000000013,ID0000002821,2024-04-06
ID0000001247,ID0000000013,ID0000002822,2024-04-06
ID0000001248,ID0000000013,ID0000002823,2024-04-06
ID0000001249,ID0000000013,ID0000002827,2024-04-07
ID0000001250,ID0000000013,ID0000002828,2024-04-07
ID0000001251,ID0000000013,ID0000002829,2024-04-07
ID0000001252,ID0000000013,ID0000002830,2024-04-07
ID0000001253,ID0000000013,ID0000002831,2024-04-07
ID0000001254,ID0000000013,ID0000002832,2024-04-07
ID0000001255,ID0000000013,ID0000002833,2024-04-07
ID0000001256,ID0000000013,ID0000002839,2024-04-08
ID0000001257,ID0000000013,ID0000002840,2024-04-08
ID0000001258,ID0000000013,ID0000002841,2024-04-08
ID0000001259,ID0000000013,ID0000002842,2024-04-08
ID0000001260,ID0000000013,ID0000002843,2024-04-08
ID0000001261,ID0000000013,ID0000002844,2024-04-08
ID0000001262,ID0000000013,ID0000002845,2024-04-08
ID0000001263,ID0000000013,ID0000002846,2024-04-08
ID0000001264,ID0000000013,ID0000002847,2024-04-08
ID0000001265,ID0000000013,ID0000002848,2024-04-08
ID0000001266,ID0000000013,ID0000002849,2024-04-08
ID0000001267,ID0000000013,ID0000002850,2024-04-08
ID0000001268,ID0000000014,ID0000002988,2024-05-01
ID0000001269,ID0000000014,ID0000002989,2024-05-01
ID0000001270,ID0000000014,ID0000002990,2024-05-01
ID0000001271,ID0000000014,ID0000002991,2024-05-01
ID0000001272,ID0000000014,ID0000002992,2024-05-01
ID0000001273,ID0000000014,ID0000002993,2024-05-01
ID0000001274,ID0000000014,ID0000002994,2024-05-01
ID0000001275,ID0000000014,ID0000002995,2024-05-01
ID0000001276,ID0000000014,ID0000002996,2024-05-01
ID0000001277,ID0000000014,ID0000002997,2024-05-01
ID0000001278,ID0000000014,ID0000002998,2024-05-01
ID0000001279,ID0000000014,ID0000002999,2024-05-01
ID0000001280,ID0000000014,ID0000003000,2024-05-01
ID0000001281,ID0000000014,ID0000003001,2024-05-01
ID0000001282,ID0000000014,ID0000003002,2024-05-01
ID0000001283,ID0000000014,ID0000003003,2024-05-01
ID0000001284,ID0000000014,ID0000003004,2024-05-01
ID0000001285,ID0000000014,ID0000003005,2024-05-01
ID0000001286,ID0000000014,ID0000003006,2024-05-01
ID0000001287,ID0000000014,ID0000003007,2024-05-01
ID0000001288,ID0000000014,ID0000003008,2024-05-01
ID0000001289,ID0000000014,ID0000003009,2024-05-01
ID0000001290,ID0000000014,ID0000003010,2024-05-01
ID0000001291,ID0000000014,ID0000003011,2024-05-01
ID0000001292,ID0000000014,ID0000003012,2024-05-01
ID0000001293,ID0000000014,ID0000003013,2024-05-01
ID0000001294,ID0000000014,ID0000003014,2024-05-01
ID0000001295,ID0000000014,ID0000003015,2024-05-01
ID0000001296,ID0000000014,ID0000003016,2024-05-01
ID0000001297,ID0000000014,ID0000003017,2024-05-01
ID0000001298,ID0000000014,ID0000003018,2024-05-01
ID0000001299,ID0000000014,ID0000003019,2024-05-01
ID0000001300,ID0000000014,ID0000003020,2024-05-01
ID0000001301,ID0000000014,ID0000003021,2024-05-01
ID0000001302,ID0000000014,ID0000003022,2024-05-01
ID0000001303,ID0000000014,ID0000003023,2024-05-01
ID0000001304,ID0000000014,ID0000003024,2024-05-01
ID0000001305,ID0000000014,ID0000003025,2024-05-01
ID0000001306,ID0000000014,ID0000003026,2024-05-01
ID0000001307,ID0000000014,ID0000003027,2024-05-01
ID0000001308,ID0000000014,ID0000003028,2024-05-01
ID0000001309,ID0000000014,ID0000003029,2024-05-01
ID0000001310,ID0000000014,ID0000003030,2024-05-01
ID0000001311,ID0000000014,ID0000003031,2024-05-01
ID0000001312,ID0000000014,ID0000003032,2024-05-01
ID0000001313,ID0000000014,ID0000003033,2024-05-01
ID0000001314,ID0000000014,ID0000003034,2024-05-01
ID0000001315,ID0000000014,ID0000003035,2024-05-01
ID0000001316,ID0000000014,ID0000003036,2024-05-01
ID0000001317,ID0000000014,ID0000003037,2024-05-01
ID0000001318,ID0000000014,ID0000003038,2024-05-01
ID0000001319,ID0000000014,ID0000003039,2024-05-01
ID0000001320,ID0000000014,ID0000003040,2024-05-01
ID0000001321,ID0000000014,ID0000003041,2024-05-01
ID0000001322,ID0000000014,ID0000003042,2024-05-01
ID0000001323,ID0000000014,ID0000003043,2024-05-01
ID0000001324,ID0000000014,ID0000003044,2024-05-01
ID0000001325,ID0000000014,ID0000003045,2024-05-01
ID0000001326,ID0000000014,ID0000003046,2024-05-01
ID0000001327,ID0000000014,ID0000003047,2024-05-01
ID0000001328,ID0000000014,ID0000003048,2024-05-01
ID0000001329,ID0000000014,ID0000003049,2024-05-01
ID0000001330,ID0000000014,ID0000003050,2024-05-01
ID0000001331,ID0000000014,ID0000003051,2024-05-01
ID0000001332,ID0000000014,ID0000003052,2024-05-01
ID0000001333,ID0000000014,ID0000003053,2024-05-01
ID0000001334,ID0000000014,ID0000003054,2024-05-01
ID0000001335,ID0000000014,ID0000003055,2024-05-01
ID0000001336,ID0000000014,ID0000003056,2024-05-01
ID0000001337,ID0000000014,ID0000003057,2024-05-01
ID0000001338,ID0000000014,ID0000003058,2024-05-01
ID0000001339,ID0000000014,ID0000003059,2024-05-01
ID0000001340,ID0000000014,ID0000003060,2024-05-01
ID0000001341,ID0000000014,ID0000003061,2024-05-01
ID0000001342,ID0000000014,ID0000003062,2024-05-01
ID0000001343,ID0000000014,ID0000003063,2024-05-01
ID0000001344,ID0000000014,ID0000003064,2024-05-01
ID0000001345,ID0000000014,ID0000003065,2024-05-01
ID0000001346,ID0000000014,ID0000003066,2024-05-01
ID0000001347,ID0000000014,ID0000003067,2024-05-01
ID0000001348,ID0000000014,ID0000003068,2024-05-01
ID0000001349,ID0000000014,ID0000003069,2024-05-01
ID0000001350,ID0000000014,ID0000003070,2024-05-01
ID0000001351,ID0000000014,ID0000003071,2024-05-01
ID0000001352,ID0000000014,ID0000003072,2024-05-01
ID0000001353,ID0000000014,ID0000003073,2024-05-01
ID0000001354,ID0000000014,ID0000003074,2024-05-01
ID0000001355,ID0000000014,ID0000003075,2024-05-01
ID0000001356,ID0000000015,ID0000003121,2024-05-07
ID0000001357,ID0000000015,ID0000003122,2024-05-07
ID0000001358,ID0000000015,ID0000003123,2024-05-07
ID0000001359,ID0000000015,ID0000003124,2024-05-07
ID0000001360,ID0000000015,ID0000003125,2024-05-07
ID0000001361,ID0000000015,ID0000003126,2024-05-07
ID0000001362,ID0000000015,ID0000003127,2024-05-07
ID0000001363,ID0000000015,ID0000003128,2024-05-07
ID0000001364,ID0000000015,ID0000003129,2024-05-07
ID0000001365,ID0000000015,ID0000003130,2024-05-07
ID0000001366,ID0000000015,ID0000003131,2024-05-07
ID0000001367,ID0000000015,ID0000003132,2024-05-07
ID0000001368,ID0000000015,ID0000003133,2024-05-07
ID0000001369,ID0000000015,ID0000003134,2024-05-07
ID0000001370,ID0000000015,ID0000003135,2024-05-07
ID0000001371,ID0000000015,ID0000003136,2024-05-07
ID0000001372,ID0000000015,ID0000003137,2024-05-07
ID0000001373,ID0000000015,ID0000003138,2024-05-07
ID0000001374,ID0000000015,ID0000003139,2024-05-07
ID0000001375,ID0000000015,ID0000003140,2024-05-07
ID0000001376,ID0000000015,ID0000003141,2024-05-07
ID0000001377,ID0000000015,ID0000003142,2024-05-07
ID0000001378,ID0000000015,ID0000003143,2024-05-07
ID0000001379,ID0000000015,ID0000003144,2024-05-07
ID0000001380,ID0000000015,ID0000003145,2024-05-07
ID0000001381,ID0000000015,ID0000003146,2024-05-07
ID0000001382,ID0000000015,ID0000003147,2024-05-07
ID0000001383,ID0000000015,ID0000003148,2024-05-07
ID0000001384,ID0000000015,ID0000003159,2024-05-08
ID0000001385,ID0000000015,ID0000003160,2024-05-08
ID0000001386,ID0000000015,ID0000003161,2024-05-08
ID0000001387,ID0000000015,ID0000003162,2024-05-08
ID0000001388,ID0000000015,ID0000003163,2024-05-08
ID0000001389,ID0000000015,ID0000003164,2024-05-08
ID0000001390,ID0000000015,ID0000003165,2024-05-08
ID0000001391,ID0000000015,ID0000003166,2024-05-08
ID0000001392,ID0000000015,ID0000003167,2024-05-08
ID0000001393,ID0000000015,ID0000003168,2024-05-08
ID0000001394,ID0000000015,ID0000003169,2024-05-08
ID0000001395,ID0000000015,ID0000003170,2024-05-08
ID0000001396,ID0000000015,ID0000003171,2024-05-08
ID0000001397,ID0000000015,ID0000003172,2024-05-08
ID0000001398,ID0000000015,ID0000003173,2024-05-08
ID0000001399,ID0000000015,ID0000003174,2024-05-08
ID0000001400,ID0000000015,ID0000003175,2024-05-08
ID0000001401,ID0000000015,ID0000003176,2024-05-08
ID0000001402,ID0000000015,ID0000003177,2024-05-08
ID0000001403,ID0000000015,ID0000003178,2024-05-08
ID0000001404,ID0000000015,ID0000003179,2024-05-08
ID0000001405,ID0000000015,ID0000003180,2024-05-08
ID0000001406,ID0000000015,ID0000003181,2024-05-08
ID0000001407,ID0000000015,ID0000003186,2024-05-09
ID0000001408,ID0000000015,ID0000003187,2024-05-09
ID0000001409,ID0000000015,ID0000003188,2024-05-09
ID0000001410,ID0000000015,ID0000003189,2024-05-09
ID0000001411,ID0000000015,ID0000003190,2024-05-09
ID0000001412,ID0000000015,ID0000003191,2024-05-09
ID0000001413,ID0000000015,ID0000003192,2024-05-09
ID0000001414,ID0000000015,ID0000003193,2024-05-09
ID0000001415,ID0000000015,ID0000003194,2024-05-09
ID0000001416,ID0000000015,ID0000003195,2024-05-09
ID0000001417,ID0000000015,ID0000003196,2024-05-09
ID0000001418,ID0000000015,ID0000003197,2024-05-09
ID0000001419,ID0000000015,ID0000003198,2024-05-09
ID0000001420,ID0000000015,ID0000003199,2024-05-09
ID0000001421,ID0000000015,ID0000003200,2024-05-09
ID0000001422,ID0000000015,ID0000003201,2024-05-09
ID0000001423,ID0000000015,ID0000003202,2024-05-09
ID0000001424,ID0000000015,ID0000003203,2024-05-09
ID0000001425,ID0000000015,ID0000003204,2024-05-09
ID0000001426,ID0000000015,ID0000003205,2024-05-09
ID0000001427,ID0000000015,ID0000003206,2024-05-09
ID0000001428,ID0000000015,ID0000003207,2024-05-09
ID0000001429,ID0000000015,ID0000003208,2024-05-09
ID0000001430,ID0000000015,ID0000003209,2024-05-09
ID0000001431,ID0000000015,ID0000003210,2024-05-09
ID0000001432,ID0000000015,ID0000003211,2024-05-09
ID0000001433,ID0000000015,ID0000003212,2024-05-09
ID0000001434,ID0000000015,ID0000003213,2024-05-09
ID0000001435,ID0000000015,ID0000003214,2024-05-09
ID0000001436,ID0000000015,ID0000003215,2024-05-09
ID0000001437,ID0000000015,ID0000003216,2024-05-09
ID0000001438,ID0000000015,ID0000003217,2024-05-09
ID0000001439,ID0000000015,ID0000003218,2024-05-09
ID0000001440,ID0000000015,ID0000003219,2024-05-09
ID0000001441,ID0000000015,ID0000003220,2024-05-09
ID0000001442,ID0000000015,ID0000003221,2024-05-09
ID0000001443,ID0000000015,ID0000003222,2024-05-09
ID0000001444,ID0000000015,ID0000003232,2024-05-10
ID0000001445,ID0000000015,ID0000003233,2024-05-10
ID0000001446,ID0000000015,ID0000003234,2024-05-10
ID0000001447,ID0000000015,ID0000003235,2024-05-10
ID0000001448,ID0000000015,ID0000003236,2024-05-10
ID0000001449,ID0000000015,ID0000003237,2024-05-10
ID0000001450,ID0000000015,ID0000003238,2024-05-10
ID0000001451,ID0000000015,ID0000003239,2024-05-10
ID0000001452,ID0000000015,ID0000003240,2024-05-10
ID0000001453,ID0000000015,ID0000003241,2024-05-10
ID0000001454,ID0000000015,ID0000003242,2024-05-10
ID0000001455,ID0000000015,ID0000003243,2024-05-10
ID0000001456,ID0000000015,ID0000003244,2024-05-10
ID0000001457,ID0000000015,ID0000003245,2024-05-10
ID0000001458,ID0000000015,ID0000003246,2024-05-10
ID0000001459,ID0000000015,ID0000003247,2024-05-10
ID0000001460,ID0000000015,ID0000003248,2024-05-10
ID0000001461,ID0000000015,ID0000003249,2024-05-10
ID0000001462,ID0000000015,ID0000003250,2024-05-10
ID0000001463,ID0000000015,ID0000003251,2024-05-10
ID0000001464,ID0000000015,ID0000003252,2024-05-10
ID0000001465,ID0000000015,ID0000003259,2024-05-11
ID0000001466,ID0000000015,ID0000003260,2024-05-11
ID0000001467,ID0000000015,ID0000003261,2024-05-11
ID0000001468,ID0000000015,ID0000003262,2024-05-11
ID0000001469,ID0000000015,ID0000003263,2024-05-11
ID0000001470,ID0000000015,ID0000003264,2024-05-11
ID0000001471,ID0000000015,ID0000003265,2024-05-11
ID0000001472,ID0000000015,ID0000003273,2024-05-12
ID0000001473,ID0000000015,ID0000003274,2024-05-12
ID0000001474,ID0000000015,ID0000003275,2024-05-12
ID0000001475,ID0000000015,ID0000003276,2024-05-12
ID0000001476,ID0000000015,ID0000003277,2024-05-12
ID0000001477,ID0000000015,ID0000003278,2024-05-12
ID0000001478,ID0000000015,ID0000003279,2024-05-12
ID0000001479,ID0000000016,ID0000003396,2024-06-03
ID0000001480,ID0000000016,ID0000003397,2024-06-03
ID0000001481,ID0000000016,ID0000003398,2024-06-03
ID0000001482,ID0000000016,ID0000003399,2024-06-03
ID0000001483,ID0000000016,ID0000003400,2024-06-03
ID0000001484,ID0000000016,ID0000003401,2024-06-03
ID0000001485,ID0000000016,ID0000003402,2024-06-03
ID0000001486,ID0000000016,ID0000003403,2024-06-03
ID0000001487,ID0000000016,ID0000003404,2024-06-03
ID0000001488,ID0000000016,ID0000003405,2024-06-03
ID0000001489,ID0000000016,ID0000003406,2024-06-03
ID0000001490,ID0000000016,ID0000003407,2024-06-03
ID0000001491,ID0000000016,ID0000003408,2024-06-03
ID0000001492,ID0000000016,ID0000003409,2024-06-03
ID0000001493,ID0000000016,ID0000003410,2024-06-03
ID0000001494,ID0000000016,ID0000003411,2024-06-03
ID0000001495,ID0000000016,ID0000003412,2024-06-03
ID0000001496,ID0000000016,ID0000003413,2024-06-03
ID0000001497,ID0000000016,ID0000003414,2024-06-03
ID0000001498,ID0000000016,ID0000003415,2024-06-03
ID0000001499,ID0000000016,ID0000003416,2024-06-03
ID0000001500,ID0000000016,ID0000003417,2024-06-03
ID0000001501,ID0000000016,ID0000003418,2024-06-03
ID0000001502,ID0000000016,ID0000003419,2024-06-03
ID0000001503,ID0000000016,ID0000003420,2024-06-03
ID0000001504,ID0000000016,ID0000003421,2024-06-03
ID0000001505,ID0000000016,ID0000003422,2024-06-03
ID0000001506,ID0000000016,ID0000003423,2024-06-03
ID0000001507,ID0000000016,ID0000003424,2024-06-03
ID0000001508,ID0000000016,ID0000003425,2024-06-03
ID0000001509,ID0000000016,ID0000003426,2024-06-03
ID0000001510,ID0000000016,ID0000003427,2024-06-03
ID0000001511,ID0000000016,ID0000003428,2024-06-03
ID0000001512,ID0000000016,ID0000003429,2024-06-03
ID0000001513,ID0000000016,ID0000003430,2024-06-03
ID0000001514,ID0000000016,ID0000003431,2024-06-03
ID0000001515,ID0000000016,ID0000003432,2024-06-03
ID0000001516,ID0000000016,ID0000003433,2024-06-03
ID0000001517,ID0000000016,ID0000003434,2024-06-03
ID0000001518,ID0000000016,ID0000003435,2024-06-03
ID0000001519,ID0000000016,ID0000003436,2024-06-03
ID0000001520,ID0000000016,ID0000003437,2024-06-03
ID0000001521,ID0000000016,ID0000003438,2024-06-03
ID0000001522,ID0000000016,ID0000003439,2024-06-03
ID0000001523,ID0000000016,ID0000003440,2024-06-03
ID0000001524,ID0000000016,ID0000003441,2024-06-03
ID0000001525,ID0000000016,ID0000003442,2024-06-03
ID0000001526,ID0000000016,ID0000003443,2024-06-03
ID0000001527,ID0000000016,ID0000003444,2024-06-03
ID0000001528,ID0000000016,ID0000003445,2024-06-03
ID0000001529,ID0000000016,ID0000003446,2024-06-03
ID0000001530,ID0000000016,ID0000003447,2024-06-03
ID0000001531,ID0000000016,ID0000003448,2024-06-03
ID0000001532,ID0000000016,ID0000003449,2024-06-03
ID0000001533,ID0000000016,ID0000003450,2024-06-03
ID0000001534,ID0000000016,ID0000003451,2024-06-03
ID0000001535,ID0000000016,ID0000003452,2024-06-03
ID0000001536,ID0000000016,ID0000003453,2024-06-03
ID0000001537,ID0000000016,ID0000003454,2024-06-03
ID0000001538,ID0000000016,ID0000003455,2024-06-03
ID0000001539,ID0000000016,ID0000003456,2024-06-03
ID0000001540,ID0000000016,ID0000003457,2024-06-03
ID0000001541,ID0000000016,ID0000003458,2024-06-03
ID0000001542,ID0000000016,ID0000003459,2024-06-03
ID0000001543,ID0000000016,ID0000003460,2024-06-03
ID0000001544,ID0000000016,ID0000003461,2024-06-03
ID0000001545,ID0000000016,ID0000003462,2024-06-03
ID0000001546,ID0000000016,ID0000003463,2024-06-03
ID0000001547,ID0000000016,ID0000003464,2024-06-03
ID0000001548,ID0000000016,ID0000003465,2024-06-03
ID0000001549,ID0000000016,ID0000003466,2024-06-03
ID0000001550,ID0000000016,ID0000003467,2024-06-03
ID0000001551,ID0000000016,ID0000003468,2024-06-03
ID0000001552,ID0000000016,ID0000003469,2024-06-03
ID0000001553,ID0000000016,ID0000003470,2024-06-03
ID0000001554,ID0000000016,ID0000003471,2024-06-03
ID0000001555,ID0000000016,ID0000003472,2024-06-03
ID0000001556,ID0000000016,ID0000003473,2024-06-03
ID0000001557,ID0000000016,ID0000003474,2024-06-03
ID0000001558,ID0000000016,ID0000003475,2024-06-03
ID0000001559,ID0000000016,ID0000003476,2024-06-03
ID0000001560,ID0000000016,ID0000003477,2024-06-03
ID0000001561,ID0000000016,ID0000003478,2024-06-03
ID0000001562,ID0000000016,ID0000003479,2024-06-03
ID0000001563,ID0000000016,ID0000003480,2024-06-03
ID0000001564,ID0000000016,ID0000003481,2024-06-03
ID0000001565,ID0000000016,ID0000003482,2024-06-03
ID0000001566,ID0000000016,ID0000003483,2024-06-03
ID0000001567,ID0000000016,ID0000003484,2024-06-03
ID0000001568,ID0000000016,ID0000003485,2024-06-03
ID0000001569,ID0000000016,ID0000003486,2024-06-03
ID0000001570,ID0000000016,ID0000003487,2024-06-03
ID0000001571,ID0000000016,ID0000003488,2024-06-03
ID0000001572,ID0000000016,ID0000003489,2024-06-03
ID0000001573,ID0000000016,ID0000003490,2024-06-03
ID0000001574,ID0000000016,ID0000003491,2024-06-03
ID0000001575,ID0000000016,ID0000003492,2024-06-03
ID0000001576,ID0000000016,ID0000003493,2024-06-03
ID0000001577,ID0000000016,ID0000003494,2024-06-03
ID0000001578,ID0000000016,ID0000003495,2024-06-03
ID0000001579,ID0000000016,ID0000003496,2024-06-03
ID0000001580,ID0000000016,ID0000003497,2024-06-03
ID0000001581,ID0000000016,ID0000003498,2024-06-03
ID0000001582,ID0000000016,ID0000003499,2024-06-03
ID0000001583,ID0000000016,ID0000003500,2024-06-03
ID0000001584,ID0000000016,ID0000003501,2024-06-03
ID0000001585,ID0000000016,ID0000003502,2024-06-03
ID0000001586,ID0000000016,ID0000003503,2024-06-03
ID0000001587,ID0000000016,ID0000003504,2024-06-03
ID0000001588,ID0000000016,ID0000003505,2024-06-03
ID0000001589,ID0000000016,ID0000003506,2024-06-03
ID0000001590,ID0000000016,ID0000003507,2024-06-03
ID0000001591,ID0000000016,ID0000003508,2024-06-03
ID0000001592,ID0000000016,ID0000003509,2024-06-03
ID0000001593,ID0000000016,ID0000003510,2024-06-03
ID0000001594,ID0000000016,ID0000003511,2024-06-03
ID0000001595,ID0000000016,ID0000003512,2024-06-03
ID0000001596,ID0000000016,ID0000003513,2024-06-03
ID0000001597,ID0000000016,ID0000003514,2024-06-03
ID0000001598,ID0000000016,ID0000003515,2024-06-03
ID0000001599,ID0000000016,ID0000003516,2024-06-03
ID0000001600,ID0000000016,ID0000003517,2024-06-03
ID0000001601,ID0000000016,ID0000003518,2024-06-03
ID0000001602,ID0000000016,ID0000003519,2024-06-03
ID0000001603,ID0000000016,ID0000003520,2024-06-03
ID0000001604,ID0000000016,ID0000003521,2024-06-03
ID0000001605,ID0000000016,ID0000003522,2024-06-03
ID0000001606,ID0000000016,ID0000003523,2024-06-03
ID0000001607,ID0000000016,ID0000003524,2024-06-03
ID0000001608,ID0000000016,ID0000003525,2024-06-03
ID0000001609,ID0000000016,ID0000003526,2024-06-03
ID0000001610,ID0000000016,ID0000003527,2024-06-03
ID0000001611,ID0000000016,ID0000003528,2024-06-03
ID0000001612,ID0000000016,ID0000003529,2024-06-03
ID0000001613,ID0000000016,ID0000003530,2024-06-03
ID0000001614,ID0000000016,ID0000003531,2024-06-03
ID0000001615,ID0000000016,ID0000003532,2024-06-03
ID0000001616,ID0000000016,ID0000003533,2024-06-03
ID0000001617,ID0000000016,ID0000003534,2024-06-03
ID0000001618,ID0000000016,ID0000003535,2024-06-03
ID0000001619,ID0000000016,ID0000003536,2024-06-03
ID0000001620,ID0000000016,ID0000003537,2024-06-03
ID0000001621,ID0000000016,ID0000003538,2024-06-03
ID0000001622,ID0000000016,ID0000003539,2024-06-03
ID0000001623,ID0000000016,ID0000003540,2024-06-03
ID0000001624,ID0000000016,ID0000003541,2024-06-03
ID0000001625,ID0000000016,ID0000003542,2024-06-03
ID0000001626,ID0000000016,ID0000003543,2024-06-03
ID0000001627,ID0000000016,ID0000003544,2024-06-03
ID0000001628,ID0000000016,ID0000003545,2024-06-03
ID0000001629,ID0000000016,ID0000003546,2024-06-03
ID0000001630,ID0000000016,ID0000003547,2024-06-03
ID0000001631,ID0000000016,ID0000003548,2024-06-03
ID0000001632,ID0000000016,ID0000003549,2024-06-03
ID0000001633,ID0000000016,ID0000003550,2024-06-03
ID0000001634,ID0000000016,ID0000003551,2024-06-03
ID0000001635,ID0000000016,ID0000003552,2024-06-03
ID0000001636,ID0000000016,ID0000003553,2024-06-03
ID0000001637,ID0000000016,ID0000003554,2024-06-03
ID0000001638,ID0000000016,ID0000003555,2024-06-03
ID0000001639,ID0000000016,ID0000003556,2024-06-03
ID0000001640,ID0000000016,ID0000003557,2024-06-03
ID0000001641,ID0000000016,ID0000003558,2024-06-03
ID0000001642,ID0000000016,ID0000003559,2024-06-03
ID0000001643,ID0000000016,ID0000003560,2024-06-03
ID0000001644,ID0000000016,ID0000003561,2024-06-03
ID0000001645,ID0000000016,ID0000003562,2024-06-03
ID0000001646,ID0000000016,ID0000003563,2024-06-03
ID0000001647,ID0000000016,ID0000003564,2024-06-03
ID0000001648,ID0000000016,ID0000003565,2024-06-03
ID0000001649,ID0000000016,ID0000003566,2024-06-03
ID0000001650,ID0000000016,ID0000003567,2024-06-03
ID0000001651,ID0000000016,ID0000003568,2024-06-03
ID0000001652,ID0000000016,ID0000003569,2024-06-03
ID0000001653,ID0000000016,ID0000003570,2024-06-03
ID0000001654,ID0000000016,ID0000003571,2024-06-03
ID0000001655,ID0000000016,ID0000003572,2024-06-03
ID0000001656,ID0000000016,ID0000003573,2024-06-03
ID0000001657,ID0000000016,ID0000003574,2024-06-03
ID0000001658,ID0000000016,ID0000003575,2024-06-03
ID0000001659,ID0000000016,ID0000003576,2024-06-03
ID0000001660,ID0000000016,ID0000003577,2024-06-03
ID0000001661,ID0000000016,ID0000003578,2024-06-03
ID0000001662,ID0000000016,ID0000003579,2024-06-03
ID0000001663,ID0000000016,ID0000003580,2024-06-03
ID0000001664,ID0000000016,ID0000003581,2024-06-03
ID0000001665,ID0000000016,ID0000003582,2024-06-03
ID0000001666,ID0000000016,ID0000003583,2024-06-03
ID0000001667,ID0000000016,ID0000003584,2024-06-03
ID0000001668,ID0000000016,ID0000003585,2024-06-03
ID0000001669,ID0000000016,ID0000003586,2024-06-03
ID0000001670,ID0000000016,ID0000003587,2024-06-03
ID0000001671,ID0000000016,ID0000003588,2024-06-03
ID0000001672,ID0000000016,ID0000003589,2024-06-03
ID0000001673,ID0000000016,ID0000003590,2024-06-03
ID0000001674,ID0000000016,ID0000003591,2024-06-03
ID0000001675,ID0000000016,ID0000003592,2024-06-03
ID0000001676,ID0000000016,ID0000003593,2024-06-03
ID0000001677,ID0000000016,ID0000003594,2024-06-03
ID0000001678,ID0000000016,ID0000003595,2024-06-03
ID0000001679,ID0000000016,ID0000003596,2024-06-03
ID0000001680,ID0000000016,ID0000003597,2024-06-03
ID0000001681,ID0000000016,ID0000003598,2024-06-03
ID0000001682,ID0000000016,ID0000003599,2024-06-03
ID0000001683,ID0000000016,ID0000003600,2024-06-03
ID0000001684,ID0000000016,ID0000003601,2024-06-03
ID0000001685,ID0000000016,ID0000003602,2024-06-03
ID0000001686,ID0000000016,ID0000003603,2024-06-03
ID0000001687,ID0000000016,ID0000003604,2024-06-03
ID0000001688,ID0000000016,ID0000003605,2024-06-03
ID0000001689,ID0000000016,ID0000003606,2024-06-03
ID0000001690,ID0000000016,ID0000003607,2024-06-03
ID0000001691,ID0000000016,ID0000003608,2024-06-03
ID0000001692,ID0000000016,ID0000003609,2024-06-03
ID0000001693,ID0000000016,ID0000003610,2024-06-03
ID0000001694,ID0000000016,ID0000003611,2024-06-03
ID0000001695,ID0000000017,ID0000003897,2024-07-11
ID0000001696,ID0000000017,ID0000003898,2024-07-11
ID0000001697,ID0000000017,ID0000003899,2024-07-11
ID0000001698,ID0000000017,ID0000003900,2024-07-11
ID0000001699,ID0000000017,ID0000003901,2024-07-11
ID0000001700,ID0000000017,ID0000003902,2024-07-11
ID0000001701,ID0000000017,ID0000003903,2024-07-11
ID0000001702,ID0000000017,ID0000003904,2024-07-11
ID0000001703,ID0000000017,ID0000003905,2024-07-11
ID0000001704,ID0000000017,ID0000003906,2024-07-11
ID0000001705,ID0000000017,ID0000003907,2024-07-11
ID0000001706,ID0000000017,ID0000003908,2024-07-11
ID0000001707,ID0000000017,ID0000003909,2024-07-11
ID0000001708,ID0000000017,ID0000003910,2024-07-11
ID0000001709,ID0000000017,ID0000003911,2024-07-11
ID0000001710,ID0000000017,ID0000003912,2024-07-11
ID0000001711,ID0000000017,ID0000003913,2024-07-11
ID0000001712,ID0000000017,ID0000003914,2024-07-11
ID0000001713,ID0000000017,ID0000003915,2024-07-11
ID0000001714,ID0000000017,ID0000003916,2024-07-11
ID0000001715,ID0000000017,ID0000003917,2024-07-11
ID0000001716,ID0000000017,ID0000003918,2024-07-11
ID0000001717,ID0000000017,ID0000003919,2024-07-11
ID0000001718,ID0000000017,ID0000003920,2024-07-11
ID0000001719,ID0000000017,ID0000003921,2024-07-11
ID0000001720,ID0000000017,ID0000003922,2024-07-11
ID0000001721,ID0000000017,ID0000003923,2024-07-11
ID0000001722,ID0000000017,ID0000003924,2024-07-11
ID0000001723,ID0000000017,ID0000003925,2024-07-11
ID0000001724,ID0000000017,ID0000003926,2024-07-11
ID0000001725,ID0000000017,ID0000003927,2024-07-11
ID0000001726,ID0000000017,ID0000003928,2024-07-11
ID0000001727,ID0000000017,ID0000003929,2024-07-11
ID0000001728,ID0000000017,ID0000003930,2024-07-11
ID0000001729,ID0000000017,ID0000003931,2024-07-11
ID0000001730,ID0000000017,ID0000003932,2024-07-11
ID0000001731,ID0000000017,ID0000003933,2024-07-11
ID0000001732,ID0000000017,ID0000003934,2024-07-11
ID0000001733,ID0000000017,ID0000003935,2024-07-11
ID0000001734,ID0000000017,ID0000003936,2024-07-11
ID0000001735,ID0000000017,ID0000003937,2024-07-11
ID0000001736,ID0000000017,ID0000003938,2024-07-11
ID0000001737,ID0000000017,ID0000003939,2024-07-11
ID0000001738,ID0000000017,ID0000003940,2024-07-11
ID0000001739,ID0000000017,ID0000003941,2024-07-11
ID0000001740,ID0000000017,ID0000003942,2024-07-11
ID0000001741,ID0000000017,ID0000003943,2024-07-11
ID0000001742,ID0000000017,ID0000003944,2024-07-11
ID0000001743,ID0000000017,ID0000003945,2024-07-11
ID0000001744,ID0000000017,ID0000003946,2024-07-11
ID0000001745,ID0000000017,ID0000003947,2024-07-11
ID0000001746,ID0000000017,ID0000003948,2024-07-11
ID0000001747,ID0000000017,ID0000003949,2024-07-11
ID0000001748,ID0000000017,ID0000003950,2024-07-11
ID0000001749,ID0000000017,ID0000003951,2024-07-11
ID0000001750,ID0000000017,ID0000003952,2024-07-11
ID0000001751,ID0000000017,ID0000003953,2024-07-11
ID0000001752,ID0000000017,ID0000003954,2024-07-11
ID0000001753,ID0000000017,ID0000003955,2024-07-11
ID0000001754,ID0000000017,ID0000003956,2024-07-11
ID0000001755,ID0000000017,ID0000003957,2024-07-11
ID0000001756,ID0000000017,ID0000003958,2024-07-11
ID0000001757,ID0000000017,ID0000003959,2024-07-11
ID0000001758,ID0000000017,ID0000003960,2024-07-11
ID0000001759,ID0000000017,ID0000003961,2024-07-11
ID0000001760,ID0000000017,ID0000003962,2024-07-11
ID0000001761,ID0000000017,ID0000003963,2024-07-11
ID0000001762,ID0000000017,ID0000003964,2024-07-11
ID0000001763,ID0000000017,ID0000003965,2024-07-11
ID0000001764,ID0000000017,ID0000003966,2024-07-11
ID0000001765,ID0000000017,ID0000003967,2024-07-11
ID0000001766,ID0000000017,ID0000003968,2024-07-11
ID0000001767,ID0000000017,ID0000003969,2024-07-11
ID0000001768,ID0000000017,ID0000003970,2024-07-11
ID0000001769,ID0000000017,ID0000003971,2024-07-11
ID0000001770,ID0000000017,ID0000003972,2024-07-11
ID0000001771,ID0000000017,ID0000003973,2024-07-11
ID0000001772,ID0000000017,ID0000003974,2024-07-11
ID0000001773,ID0000000017,ID0000003975,2024-07-11
ID0000001774,ID0000000017,ID0000003976,2024-07-11
ID0000001775,ID0000000017,ID0000003977,2024-07-11
ID0000001776,ID0000000017,ID0000003978,2024-07-11
ID0000001777,ID0000000017,ID0000003979,2024-07-11
ID0000001778,ID0000000017,ID0000003980,2024-07-11
ID0000001779,ID0000000017,ID0000003981,2024-07-11
ID0000001780,ID0000000017,ID0000003982,2024-07-11
ID0000001781,ID0000000017,ID0000003983,2024-07-11
ID0000001782,ID0000000017,ID0000003984,2024-07-11
ID0000001783,ID0000000017,ID0000003985,2024-07-11
ID0000001784,ID0000000017,ID0000003986,2024-07-11
ID0000001785,ID0000000017,ID0000003987,2024-07-11
ID0000001786,ID0000000017,ID0000003988,2024-07-11
ID0000001787,ID0000000017,ID0000003989,2024-07-11
ID0000001788,ID0000000017,ID0000003990,2024-07-11
ID0000001789,ID0000000017,ID0000003991,2024-07-11
ID0000001790,ID0000000017,ID0000003992,2024-07-11
ID0000001791,ID0000000017,ID0000003993,2024-07-11
ID0000001792,ID0000000017,ID0000003994,2024-07-11
ID0000001793,ID0000000017,ID0000003995,2024-07-11
ID0000001794,ID0000000017,ID0000003996,2024-07-11
ID0000001795,ID0000000017,ID0000003997,2024-07-11
ID0000001796,ID0000000017,ID0000003998,2024-07-11
ID0000001797,ID0000000017,ID0000003999,2024-07-11
ID0000001798,ID0000000017,ID0000004000,2024-07-11
ID0000001799,ID0000000017,ID0000004001,2024-07-11
ID0000001800,ID0000000017,ID0000004002,2024-07-11
ID0000001801,ID0000000017,ID0000004003,2024-07-11
ID0000001802,ID0000000017,ID0000004004,2024-07-11
ID0000001803,ID0000000017,ID0000004005,2024-07-11
ID0000001804,ID0000000017,ID0000004006,2024-07-11
ID0000001805,ID0000000017,ID0000004007,2024-07-11
ID0000001806,ID0000000017,ID0000004008,2024-07-11
ID0000001807,ID0000000017,ID0000004009,2024-07-11
ID0000001808,ID0000000017,ID0000004010,2024-07-11
ID0000001809,ID0000000017,ID0000004011,2024-07-11
ID0000001810,ID0000000017,ID0000004012,2024-07-11
ID0000001811,ID0000000017,ID0000004013,2024-07-11
ID0000001812,ID0000000017,ID0000004014,2024-07-11
ID0000001813,ID0000000017,ID0000004015,2024-07-11
ID0000001814,ID0000000017,ID0000004016,2024-07-11
ID0000001815,ID0000000017,ID0000004017,2024-07-11
ID0000001816,ID0000000017,ID0000004018,2024-07-11
ID0000001817,ID0000000017,ID0000004019,2024-07-11
ID0000001818,ID0000000017,ID0000004020,2024-07-11
ID0000001819,ID0000000017,ID0000004021,2024-07-11
ID0000001820,ID0000000017,ID0000004022,2024-07-11
ID0000001821,ID0000000017,ID0000004023,2024-07-11
ID0000001822,ID0000000017,ID0000004024,2024-07-11
ID0000001823,ID0000000017,ID0000004025,2024-07-11
ID0000001824,ID0000000017,ID0000004026,2024-07-11
ID0000001825,ID0000000017,ID0000004027,2024-07-11
ID0000001826,ID0000000017,ID0000004028,2024-07-11
ID0000001827,ID0000000017,ID0000004029,2024-07-11
ID0000001828,ID0000000017,ID0000004030,2024-07-11
ID0000001829,ID0000000017,ID0000004031,2024-07-11
ID0000001830,ID0000000017,ID0000004032,2024-07-11
ID0000001831,ID0000000017,ID0000004033,2024-07-11
ID0000001832,ID0000000017,ID0000004034,2024-07-11
ID0000001833,ID0000000017,ID0000004035,2024-07-11
ID0000001834,ID0000000017,ID0000004036,2024-07-11
ID0000001835,ID0000000017,ID0000004037,2024-07-11
ID0000001836,ID0000000017,ID0000004038,2024-07-11
ID0000001837,ID0000000017,ID0000004039,2024-07-11
ID0000001838,ID0000000017,ID0000004040,2024-07-11
ID0000001839,ID0000000017,ID0000004041,2024-07-11
ID0000001840,ID0000000017,ID0000004042,2024-07-11
ID0000001841,ID0000000017,ID0000004043,2024-07-11
ID0000001842,ID0000000017,ID0000004044,2024-07-11
ID0000001843,ID0000000017,ID0000004045,2024-07-11
ID0000001844,ID0000000017,ID0000004046,2024-07-11
ID0000001845,ID0000000017,ID0000004047,2024-07-11
ID0000001846,ID0000000017,ID0000004048,2024-07-11
ID0000001847,ID0000000017,ID0000004049,2024-07-11
ID0000001848,ID0000000017,ID0000004050,2024-07-11
ID0000001849,ID0000000017,ID0000004051,2024-07-11
ID0000001850,ID0000000017,ID0000004052,2024-07-11
ID0000001851,ID0000000017,ID0000004053,2024-07-11
ID0000001852,ID0000000017,ID0000004054,2024-07-11
ID0000001853,ID0000000017,ID0000004055,2024-07-11
ID0000001854,ID0000000017,ID0000004056,2024-07-11
ID0000001855,ID0000000017,ID0000004057,2024-07-11
ID0000001856,ID0000000017,ID0000004058,2024-07-11
ID0000001857,ID0000000017,ID0000004059,2024-07-11
ID0000001858,ID0000000017,ID0000004060,2024-07-11
ID0000001859,ID0000000017,ID0000004061,2024-07-11
ID0000001860,ID0000000017,ID0000004062,2024-07-11
ID0000001861,ID0000000017,ID0000004063,2024-07-11
ID0000001862,ID0000000017,ID0000004064,2024-07-11
ID0000001863,ID0000000017,ID0000004065,2024-07-11
ID0000001864,ID0000000017,ID0000004066,2024-07-11
ID0000001865,ID0000000017,ID0000004067,2024-07-11
ID0000001866,ID0000000017,ID0000004068,2024-07-11
ID0000001867,ID0000000017,ID0000004069,2024-07-11
ID0000001868,ID0000000017,ID0000004070,2024-07-11
ID0000001869,ID0000000017,ID0000004071,2024-07-11
ID0000001870,ID0000000017,ID0000004072,2024-07-11
ID0000001871,ID0000000017,ID0000004073,2024-07-11
ID0000001872,ID0000000017,ID0000004074,2024-07-11
ID0000001873,ID0000000017,ID0000004075,2024-07-11
ID0000001874,ID0000000017,ID0000004076,2024-07-11
ID0000001875,ID0000000017,ID0000004077,2024-07-11
ID0000001876,ID0000000017,ID0000004078,2024-07-11
ID0000001877,ID0000000017,ID0000004079,2024-07-11
ID0000001878,ID0000000017,ID0000004080,2024-07-11
ID0000001879,ID0000000017,ID0000004081,2024-07-11
ID0000001880,ID0000000017,ID0000004082,2024-07-11
ID0000001881,ID0000000017,ID0000004083,2024-07-11
ID0000001882,ID0000000017,ID0000004084,2024-07-11
ID0000001883,ID0000000017,ID0000004085,2024-07-11
ID0000001884,ID0000000017,ID0000004086,2024-07-11
ID0000001885,ID0000000017,ID0000004087,2024-07-11
ID0000001886,ID0000000017,ID0000004088,2024-07-11
ID0000001887,ID0000000017,ID0000004089,2024-07-11
ID0000001888,ID0000000017,ID0000004090,2024-07-11
ID0000001889,ID0000000017,ID0000004091,2024-07-11
ID0000001890,ID0000000017,ID0000004092,2024-07-11
ID0000001891,ID0000000017,ID0000004093,2024-07-11
ID0000001892,ID0000000017,ID0000004094,2024-07-11
ID0000001893,ID0000000017,ID0000004095,2024-07-11
ID0000001894,ID0000000017,ID0000004096,2024-07-11
ID0000001895,ID0000000017,ID0000004097,2024-07-11
ID0000001896,ID0000000017,ID0000004098,2024-07-11
ID0000001897,ID0000000017,ID0000004099,2024-07-11
ID0000001898,ID0000000017,ID0000004100,2024-07-11
ID0000001899,ID0000000017,ID0000004101,2024-07-11
ID0000001900,ID0000000017,ID0000004102,2024-07-11
ID0000001901,ID0000000017,ID0000004103,2024-07-11
ID0000001902,ID0000000017,ID0000004104,2024-07-11
ID0000001903,ID0000000017,ID0000004105,2024-07-11
ID0000001904,ID0000000017,ID0000004106,2024-07-11
ID0000001905,ID0000000017,ID0000004107,2024-07-11
ID0000001906,ID0000000017,ID0000004108,2024-07-11
ID0000001907,ID0000000017,ID0000004109,2024-07-11
ID0000001908,ID0000000017,ID0000004110,2024-07-11
ID0000001909,ID0000000017,ID0000004111,2024-07-11
ID0000001910,ID0000000017,ID0000004112,2024-07-11
ID0000001911,ID0000000017,ID0000004113,2024-07-11
ID0000001912,ID0000000017,ID0000004114,2024-07-11
ID0000001913,ID0000000017,ID0000004115,2024-07-11
ID0000001914,ID0000000017,ID0000004116,2024-07-11
ID0000001915,ID0000000017,ID0000004117,2024-07-11
ID0000001916,ID0000000017,ID0000004118,2024-07-11
ID0000001917,ID0000000017,ID0000004119,2024-07-11
ID0000001918,ID0000000017,ID0000004120,2024-07-11
ID0000001919,ID0000000017,ID0000004121,2024-07-11
ID0000001920,ID0000000017,ID0000004122,2024-07-11
ID0000001921,ID0000000017,ID0000004123,2024-07-11
ID0000001922,ID0000000017,ID0000004124,2024-07-11
ID0000001923,ID0000000017,ID0000004125,2024-07-11
ID0000001924,ID0000000017,ID0000004126,2024-07-11
ID0000001925,ID0000000017,ID0000004127,2024-07-11
ID0000001926,ID0000000017,ID0000004128,2024-07-11
ID0000001927,ID0000000017,ID0000004129,2024-07-11
ID0000001928,ID0000000017,ID0000004130,2024-07-11
ID0000001929,ID0000000017,ID0000004131,2024-07-11
ID0000001930,ID0000000017,ID0000004132,2024-07-11
ID0000001931,ID0000000017,ID0000004133,2024-07-11
ID0000001932,ID0000000017,ID0000004134,2024-07-11
ID0000001933,ID0000000017,ID0000004135,2024-07-11
ID0000001934,ID0000000017,ID0000004136,2024-07-11
ID0000001935,ID0000000017,ID0000004137,2024-07-11
ID0000001936,ID0000000017,ID0000004138,2024-07-11
ID0000001937,ID0000000017,ID0000004139,2024-07-11
ID0000001938,ID0000000017,ID0000004140,2024-07-11
ID0000001939,ID0000000017,ID0000004141,2024-07-11
ID0000001940,ID0000000017,ID0000004142,2024-07-11
ID0000001941,ID0000000017,ID0000004143,2024-07-11
ID0000001942,ID0000000017,ID0000004144,2024-07-11
ID0000001943,ID0000000017,ID0000004145,2024-07-11
ID0000001944,ID0000000017,ID0000004146,2024-07-11
ID0000001945,ID0000000017,ID0000004147,2024-07-11
ID0000001946,ID0000000017,ID0000004148,2024-07-11
ID0000001947,ID0000000017,ID0000004149,2024-07-11
ID0000001948,ID0000000017,ID0000004150,2024-07-11
ID0000001949,ID0000000018,ID0000004409,2024-08-12
ID0000001950,ID0000000018,ID0000004410,2024-08-12
ID0000001951,ID0000000018,ID0000004411,2024-08-12
ID0000001952,ID0000000018,ID0000004412,2024-08-12
ID0000001953,ID0000000018,ID0000004413,2024-08-12
ID0000001954,ID0000000018,ID0000004414,2024-08-12
ID0000001955,ID0000000018,ID0000004415,2024-08-12
ID0000001956,ID0000000018,ID0000004416,2024-08-12
ID0000001957,ID0000000018,ID0000004417,2024-08-12
ID0000001958,ID0000000018,ID0000004418,2024-08-12
ID0000001959,ID0000000018,ID0000004419,2024-08-12
ID0000001960,ID0000000018,ID0000004420,2024-08-12
ID0000001961,ID0000000018,ID0000004421,2024-08-12
ID0000001962,ID0000000018,ID0000004422,2024-08-12
ID0000001963,ID0000000018,ID0000004423,2024-08-12
ID0000001964,ID0000000018,ID0000004424,2024-08-12
ID0000001965,ID0000000018,ID0000004425,2024-08-12
ID0000001966,ID0000000018,ID0000004426,2024-08-12
ID0000001967,ID0000000018,ID0000004427,2024-08-12
ID0000001968,ID0000000018,ID0000004428,2024-08-12
ID0000001969,ID0000000018,ID0000004429,2024-08-12
ID0000001970,ID0000000018,ID0000004430,2024-08-12
ID0000001971,ID0000000018,ID0000004431,2024-08-12
ID0000001972,ID0000000018,ID0000004432,2024-08-12
ID0000001973,ID0000000018,ID0000004433,2024-08-12
ID0000001974,ID0000000018,ID0000004434,2024-08-12
ID0000001975,ID0000000019,ID0000004684,2024-09-18
ID0000001976,ID0000000019,ID0000004685,2024-09-18
ID0000001977,ID0000000019,ID0000004686,2024-09-18
ID0000001978,ID0000000019,ID0000004687,2024-09-18
ID0000001979,ID0000000019,ID0000004688,2024-09-18
ID0000001980,ID0000000019,ID0000004689,2024-09-18
ID0000001981,ID0000000019,ID0000004690,2024-09-18
ID0000001982,ID0000000019,ID0000004691,2024-09-18
ID0000001983,ID0000000019,ID0000004692,2024-09-18
ID0000001984,ID0000000019,ID0000004693,2024-09-18
ID0000001985,ID0000000019,ID0000004694,2024-09-18
ID0000001986,ID0000000019,ID0000004695,2024-09-18
ID0000001987,ID0000000019,ID0000004696,2024-09-18
ID0000001988,ID0000000019,ID0000004697,2024-09-18
ID0000001989,ID0000000019,ID0000004698,2024-09-18
ID0000001990,ID0000000019,ID0000004699,2024-09-18
ID0000001991,ID0000000019,ID0000004700,2024-09-18
ID0000001992,ID0000000019,ID0000004701,2024-09-18
ID0000001993,ID0000000019,ID0000004702,2024-09-18
ID0000001994,ID0000000019,ID0000004703,2024-09-18
ID0000001995,ID0000000019,ID0000004704,2024-09-18
ID0000001996,ID0000000019,ID0000004705,2024-09-18
ID0000001997,ID0000000019,ID0000004706,2024-09-18
ID0000001998,ID0000000019,ID0000004707,2024-09-18
ID0000001999,ID0000000019,ID0000004708,2024-09-18
ID0000002000,ID0000000019,ID0000004709,2024-09-18
ID0000002001,ID0000000019,ID0000004710,2024-09-18
ID0000002002,ID0000000019,ID0000004711,2024-09-18
ID0000002003,ID0000000019,ID0000004712,2024-09-18
ID0000002004,ID0000000019,ID0000004713,2024-09-18
ID0000002005,ID0000000019,ID0000004714,2024-09-18
ID0000002006,ID0000000019,ID0000004715,2024-09-18
ID0000002007,ID0000000019,ID0000004716,2024-09-18
ID0000002008,ID0000000019,ID0000004717,2024-09-18
ID0000002009,ID0000000019,ID0000004718,2024-09-18
ID0000002010,ID0000000019,ID0000004719,2024-09-18
ID0000002011,ID0000000019,ID0000004720,2024-09-18
ID0000002012,ID0000000019,ID0000004721,2024-09-18
ID0000002013,ID0000000019,ID0000004722,2024-09-18
ID0000002014,ID0000000019,ID0000004723,2024-09-18
ID0000002015,ID0000000019,ID0000004724,2024-09-18
ID0000002016,ID0000000019,ID0000004725,2024-09-18
ID0000002017,ID0000000019,ID0000004726,2024-09-18
ID0000002018,ID0000000019,ID0000004727,2024-09-18
ID0000002019,ID0000000019,ID0000004728,2024-09-18
ID0000002020,ID0000000019,ID0000004729,2024-09-18
ID0000002021,ID0000000019,ID0000004730,2024-09-18
ID0000002022,ID0000000019,ID0000004731,2024-09-18
ID0000002023,ID0000000019,ID0000004732,2024-09-18
ID0000002024,ID0000000019,ID0000004733,2024-09-18
ID0000002025,ID0000000019,ID0000004734,2024-09-18
ID0000002026,ID0000000019,ID0000004735,2024-09-18
ID0000002027,ID0000000019,ID0000004736,2024-09-18
ID0000002028,ID0000000019,ID0000004737,2024-09-18
ID0000002029,ID0000000019,ID0000004738,2024-09-18
ID0000002030,ID0000000019,ID0000004739,2024-09-18
ID0000002031,ID0000000019,ID0000004740,2024-09-18
ID0000002032,ID0000000019,ID0000004741,2024-09-18
ID0000002033,ID0000000019,ID0000004742,2024-09-18
ID0000002034,ID0000000019,ID0000004743,2024-09-18
ID0000002035,ID0000000019,ID0000004744,2024-09-18
ID0000002036,ID0000000019,ID0000004745,2024-09-18
ID0000002037,ID0000000019,ID0000004746,2024-09-18
ID0000002038,ID0000000019,ID0000004747,2024-09-18
ID0000002039,ID0000000019,ID0000004748,2024-09-18
ID0000002040,ID0000000019,ID0000004749,2024-09-18
ID0000002041,ID0000000019,ID0000004750,2024-09-18
ID0000002042,ID0000000019,ID0000004751,2024-09-18
ID0000002043,ID0000000019,ID0000004752,2024-09-18
ID0000002044,ID0000000019,ID0000004753,2024-09-18
ID0000002045,ID0000000019,ID0000004754,2024-09-18
ID0000002046,ID0000000019,ID0000004755,2024-09-18
ID0000002047,ID0000000019,ID0000004756,2024-09-18
ID0000002048,ID0000000019,ID0000004757,2024-09-18
ID0000002049,ID0000000019,ID0000004758,2024-09-18
ID0000002050,ID0000000019,ID0000004759,2024-09-18
ID0000002051,ID0000000019,ID0000004760,2024-09-18
ID0000002052,ID0000000019,ID0000004761,2024-09-18
ID0000002053,ID0000000019,ID0000004762,2024-09-18
ID0000002054,ID0000000019,ID0000004763,2024-09-18
ID0000002055,ID0000000019,ID0000004764,2024-09-18
ID0000002056,ID0000000019,ID0000004765,2024-09-18
ID0000002057,ID0000000019,ID0000004766,2024-09-18
ID0000002058,ID0000000019,ID0000004767,2024-09-18
ID0000002059,ID0000000019,ID0000004768,2024-09-18
ID0000002060,ID0000000019,ID0000004769,2024-09-18
ID0000002061,ID0000000019,ID0000004770,2024-09-18
ID0000002062,ID0000000019,ID0000004771,2024-09-18
ID0000002063,ID0000000019,ID0000004772,2024-09-18
ID0000002064,ID0000000019,ID0000004773,2024-09-18
ID0000002065,ID0000000019,ID0000004774,2024-09-18
ID0000002066,ID0000000019,ID0000004775,2024-09-18
ID0000002067,ID0000000019,ID0000004776,2024-09-18
ID0000002068,ID0000000019,ID0000004777,2024-09-18
ID0000002069,ID0000000019,ID0000004778,2024-09-18
ID0000002070,ID0000000019,ID0000004779,2024-09-18
ID0000002071,ID0000000019,ID0000004780,2024-09-18
ID0000002072,ID0000000019,ID0000004781,2024-09-18
ID0000002073,ID0000000019,ID0000004782,2024-09-18
ID0000002074,ID0000000019,ID0000004783,2024-09-18
ID0000002075,ID0000000019,ID0000004784,2024-09-18
ID0000002076,ID0000000019,ID0000004785,2024-09-18
ID0000002077,ID0000000019,ID0000004786,2024-09-18
ID0000002078,ID0000000019,ID0000004787,2024-09-18
ID0000002079,ID0000000019,ID0000004788,2024-09-18
ID0000002080,ID0000000019,ID0000004789,2024-09-18
ID0000002081,ID0000000019,ID0000004790,2024-09-18
ID0000002082,ID0000000019,ID0000004791,2024-09-18
ID0000002083,ID0000000019,ID0000004792,2024-09-18
ID0000002084,ID0000000019,ID0000004793,2024-09-18
ID0000002085,ID0000000019,ID0000004794,2024-09-18
ID0000002086,ID0000000019,ID0000004795,2024-09-18
ID0000002087,ID0000000019,ID0000004796,2024-09-18
ID0000002088,ID0000000019,ID0000004797,2024-09-18
ID0000002089,ID0000000019,ID0000004798,2024-09-18
ID0000002090,ID0000000019,ID0000004799,2024-09-18
ID0000002091,ID0000000019,ID0000004800,2024-09-18
ID0000002092,ID0000000019,ID0000004801,2024-09-18
ID0000002093,ID0000000019,ID0000004802,2024-09-18
ID0000002094,ID0000000019,ID0000004803,2024-09-18
ID0000002095,ID0000000019,ID0000004804,2024-09-18
ID0000002096,ID0000000019,ID0000004805,2024-09-18
ID0000002097,ID0000000019,ID0000004806,2024-09-18
ID0000002098,ID0000000019,ID0000004807,2024-09-18
ID0000002099,ID0000000019,ID0000004808,2024-09-18
ID0000002100,ID0000000019,ID0000004809,2024-09-18
ID0000002101,ID0000000019,ID0000004810,2024-09-18
ID0000002102,ID0000000019,ID0000004811,2024-09-18
ID0000002103,ID0000000019,ID0000004812,2024-09-18
ID0000002104,ID0000000019,ID0000004813,2024-09-18
ID0000002105,ID0000000019,ID0000004814,2024-09-18
ID0000002106,ID0000000019,ID0000004815,2024-09-18
ID0000002107,ID0000000019,ID0000004816,2024-09-18
ID0000002108,ID0000000019,ID0000004817,2024-09-18
ID0000002109,ID0000000019,ID0000004818,2024-09-18
ID0000002110,ID0000000019,ID0000004819,2024-09-18
ID0000002111,ID0000000019,ID0000004820,2024-09-18
ID0000002112,ID0000000019,ID0000004821,2024-09-18
ID0000002113,ID0000000019,ID0000004822,2024-09-18
ID0000002114,ID0000000019,ID0000004823,2024-09-18
ID0000002115,ID0000000019,ID0000004824,2024-09-18
ID0000002116,ID0000000019,ID0000004825,2024-09-18
ID0000002117,ID0000000019,ID0000004826,2024-09-18
ID0000002118,ID0000000019,ID0000004827,2024-09-18
ID0000002119,ID0000000019,ID0000004828,2024-09-18
ID0000002120,ID0000000019,ID0000004829,2024-09-18
ID0000002121,ID0000000019,ID0000004830,2024-09-18
ID0000002122,ID0000000019,ID0000004831,2024-09-18
ID0000002123,ID0000000019,ID0000004832,2024-09-18
ID0000002124,ID0000000019,ID0000004833,2024-09-18
ID0000002125,ID0000000019,ID0000004834,2024-09-18
ID0000002126,ID0000000019,ID0000004835,2024-09-18
ID0000002127,ID0000000019,ID0000004836,2024-09-18
ID0000002128,ID0000000019,ID0000004837,2024-09-18
ID0000002129,ID0000000019,ID0000004838,2024-09-18
ID0000002130,ID0000000019,ID0000004839,2024-09-18
ID0000002131,ID0000000019,ID0000004840,2024-09-18
ID0000002132,ID0000000019,ID0000004841,2024-09-18
ID0000002133,ID0000000019,ID0000004842,2024-09-18
ID0000002134,ID0000000019,ID0000004843,2024-09-18
ID0000002135,ID0000000019,ID0000004844,2024-09-18
ID0000002136,ID0000000019,ID0000004845,2024-09-18
ID0000002137,ID0000000019,ID0000004846,2024-09-18
ID0000002138,ID0000000019,ID0000004847,2024-09-18
ID0000002139,ID0000000019,ID0000004848,2024-09-18
ID0000002140,ID0000000019,ID0000004849,2024-09-18
ID0000002141,ID0000000019,ID0000004850,2024-09-18
ID0000002142,ID0000000019,ID0000004851,2024-09-18
ID0000002143,ID0000000019,ID0000004852,2024-09-18
ID0000002144,ID0000000019,ID0000004853,2024-09-18
ID0000002145,ID0000000019,ID0000004854,2024-09-18
ID0000002146,ID0000000019,ID0000004855,2024-09-18
ID0000002147,ID0000000019,ID0000004856,2024-09-18
ID0000002148,ID0000000019,ID0000004857,2024-09-18
ID0000002149,ID0000000019,ID0000004858,2024-09-18
ID0000002150,ID0000000019,ID0000004859,2024-09-18
ID0000002151,ID0000000019,ID0000004860,2024-09-18
ID0000002152,ID0000000019,ID0000004861,2024-09-18
ID0000002153,ID0000000019,ID0000004862,2024-09-18
ID0000002154,ID0000000019,ID0000004863,2024-09-18
ID0000002155,ID0000000019,ID0000004864,2024-09-18
ID0000002156,ID0000000019,ID0000004865,2024-09-18
ID0000002157,ID0000000019,ID0000004866,2024-09-18
ID0000002158,ID0000000019,ID0000004867,2024-09-18
ID0000002159,ID0000000019,ID0000004868,2024-09-18
ID0000002160,ID0000000019,ID0000004869,2024-09-18
ID0000002161,ID0000000019,ID0000004870,2024-09-18
ID0000002162,ID0000000019,ID0000004871,2024-09-18
ID0000002163,ID0000000019,ID0000004872,2024-09-18
ID0000002164,ID0000000019,ID0000004873,2024-09-18
ID0000002165,ID0000000019,ID0000004874,2024-09-18
ID0000002166,ID0000000019,ID0000004875,2024-09-18
ID0000002167,ID0000000019,ID0000004876,2024-09-18
ID0000002168,ID0000000019,ID0000004877,2024-09-18
ID0000002169,ID0000000019,ID0000004878,2024-09-18
ID0000002170,ID0000000019,ID0000004879,2024-09-18
ID0000002171,ID0000000019,ID0000004880,2024-09-18
ID0000002172,ID0000000019,ID0000004881,2024-09-18
ID0000002173,ID0000000019,ID0000004882,2024-09-18
ID0000002174,ID0000000019,ID0000004883,2024-09-18
ID0000002175,ID0000000019,ID0000004884,2024-09-18
ID0000002176,ID0000000019,ID0000004885,2024-09-18
ID0000002177,ID0000000019,ID0000004886,2024-09-18
ID0000002178,ID0000000019,ID0000004887,2024-09-18
ID0000002179,ID0000000019,ID0000004888,2024-09-18
ID0000002180,ID0000000019,ID0000004889,2024-09-18
ID0000002181,ID0000000019,ID0000004890,2024-09-18
ID0000002182,ID0000000019,ID0000004891,2024-09-18
ID0000002183,ID0000000019,ID0000004892,2024-09-18
ID0000002184,ID0000000019,ID0000004893,2024-09-18
ID0000002185,ID0000000019,ID0000004894,2024-09-18
ID0000002186,ID0000000019,ID0000004895,2024-09-18
ID0000002187,ID0000000019,ID0000004896,2024-09-18
ID0000002188,ID0000000019,ID0000004897,2024-09-18
ID0000002189,ID0000000019,ID0000004898,2024-09-18
ID0000002190,ID0000000019,ID0000004899,2024-09-18
ID0000002191,ID0000000019,ID0000004900,2024-09-18
ID0000002192,ID0000000019,ID0000004901,2024-09-18
ID0000002193,ID0000000019,ID0000004902,2024-09-18
ID0000002194,ID0000000019,ID0000004903,2024-09-18
ID0000002195,ID0000000019,ID0000004904,2024-09-18
ID0000002196,ID0000000019,ID0000004905,2024-09-18
ID0000002197,ID0000000019,ID0000004906,2024-09-18
ID0000002198,ID0000000019,ID0000004907,2024-09-18
ID0000002199,ID0000000019,ID0000004908,2024-09-18
ID0000002200,ID0000000019,ID0000004909,2024-09-18
ID0000002201,ID0000000019,ID0000004910,2024-09-18
ID0000002202,ID0000000019,ID0000004911,2024-09-18
ID0000002203,ID0000000019,ID0000004912,2024-09-18
ID0000002204,ID0000000019,ID0000004913,2024-09-18
ID0000002205,ID0000000019,ID0000004914,2024-09-18
ID0000002206,ID0000000019,ID0000004915,2024-09-18
ID0000002207,ID0000000019,ID0000004916,2024-09-18
ID0000002208,ID0000000019,ID0000004917,2024-09-18
ID0000002209,ID0000000019,ID0000004918,2024-09-18
ID0000002210,ID0000000019,ID0000004919,2024-09-18
ID0000002211,ID0000000019,ID0000004920,2024-09-18
ID0000002212,ID0000000019,ID0000004921,2024-09-18
ID0000002213,ID0000000019,ID0000004922,2024-09-18
ID0000002214,ID0000000019,ID0000004923,2024-09-18
ID0000002215,ID0000000019,ID0000004924,2024-09-18
ID0000002216,ID0000000019,ID0000004925,2024-09-18
ID0000002217,ID0000000019,ID0000004926,2024-09-18
ID0000002218,ID0000000019,ID0000004927,2024-09-18
ID0000002219,ID0000000019,ID0000004928,2024-09-18
ID0000002220,ID0000000019,ID0000004929,2024-09-18
ID0000002221,ID0000000019,ID0000004930,2024-09-18
ID0000002222,ID0000000019,ID0000004931,2024-09-18
ID0000002223,ID0000000019,ID0000004932,2024-09-18
ID0000002224,ID0000000019,ID0000004933,2024-09-18
ID0000002225,ID0000000019,ID0000004934,2024-09-18
ID0000002226,ID0000000019,ID0000004935,2024-09-18
ID0000002227,ID0000000019,ID0000004936,2024-09-18
ID0000002228,ID0000000019,ID0000004937,2024-09-18
ID0000002229,ID0000000019,ID0000004938,2024-09-18
ID0000002230,ID0000000019,ID0000004939,2024-09-18
ID0000002231,ID0000000019,ID0000004940,2024-09-18
ID0000002232,ID0000000019,ID0000004941,2024-09-18
ID0000002233,ID0000000019,ID0000004942,2024-09-18
ID0000002234,ID0000000019,ID0000004943,2024-09-18
ID0000002235,ID0000000019,ID0000004944,2024-09-18
ID0000002236,ID0000000019,ID0000004945,2024-09-18
ID0000002237,ID0000000019,ID0000004946,2024-09-18
ID0000002238,ID0000000019,ID0000004947,2024-09-18
ID0000002239,ID0000000019,ID0000004948,2024-09-18
ID0000002240,ID0000000019,ID0000004949,2024-09-18
ID0000002241,ID0000000019,ID0000004950,2024-09-18
ID0000002242,ID0000000019,ID0000004951,2024-09-18
ID0000002243,ID0000000019,ID0000004952,2024-09-18
ID0000002244,ID0000000019,ID0000004953,2024-09-18
ID0000002245,ID0000000019,ID0000004954,2024-09-18
ID0000002246,ID0000000019,ID0000004955,2024-09-18
ID0000002247,ID0000000019,ID0000004956,2024-09-18
ID0000002248,ID0000000019,ID0000004957,2024-09-18
ID0000002249,ID0000000019,ID0000004958,2024-09-18
ID0000002250,ID0000000019,ID0000004959,2024-09-18
ID0000002251,ID0000000019,ID0000004960,2024-09-18
ID0000002252,ID0000000019,ID0000004961,2024-09-18
ID0000002253,ID0000000019,ID0000004962,2024-09-18
ID0000002254,ID0000000019,ID0000004963,2024-09-18
ID0000002255,ID0000000019,ID0000004964,2024-09-18
ID0000002256,ID0000000019,ID0000004965,2024-09-18
ID0000002257,ID0000000019,ID0000004966,2024-09-18
ID0000002258,ID0000000019,ID0000004967,2024-09-18
ID0000002259,ID0000000020,ID0000005250,2024-10-23
ID0000002260,ID0000000020,ID0000005251,2024-10-23
ID0000002261,ID0000000020,ID0000005252,2024-10-23
ID0000002262,ID0000000020,ID0000005253,2024-10-23
ID0000002263,ID0000000020,ID0000005254,2024-10-23
ID0000002264,ID0000000020,ID0000005255,2024-10-23
ID0000002265,ID0000000020,ID0000005256,2024-10-23
ID0000002266,ID0000000020,ID0000005257,2024-10-23
ID0000002267,ID0000000020,ID0000005258,2024-10-23
ID0000002268,ID0000000020,ID0000005259,2024-10-23
ID0000002269,ID0000000020,ID0000005260,2024-10-23
ID0000002270,ID0000000020,ID0000005261,2024-10-23
ID0000002271,ID0000000020,ID0000005262,2024-10-23
ID0000002272,ID0000000020,ID0000005263,2024-10-23
ID0000002273,ID0000000020,ID0000005264,2024-10-23
ID0000002274,ID0000000020,ID0000005265,2024-10-23
ID0000002275,ID0000000020,ID0000005266,2024-10-23
ID0000002276,ID0000000020,ID0000005267,2024-10-23
ID0000002277,ID0000000020,ID0000005268,2024-10-23
ID0000002278,ID0000000020,ID0000005269,2024-10-23
ID0000002279,ID0000000020,ID0000005270,2024-10-23
ID0000002280,ID0000000020,ID0000005271,2024-10-23
ID0000002281,ID0000000020,ID0000005272,2024-10-23
ID0000002282,ID0000000020,ID0000005273,2024-10-23
ID0000002283,ID0000000020,ID0000005274,2024-10-23
ID0000002284,ID0000000020,ID0000005275,2024-10-23
ID0000002285,ID0000000020,ID0000005276,2024-10-23
ID0000002286,ID0000000020,ID0000005277,2024-10-23
ID0000002287,ID0000000020,ID0000005278,2024-10-23
ID0000002288,ID0000000020,ID0000005279,2024-10-23
ID0000002289,ID0000000020,ID0000005280,2024-10-23
ID0000002290,ID0000000020,ID0000005281,2024-10-23
ID0000002291,ID0000000020,ID0000005282,2024-10-23
ID0000002292,ID0000000020,ID0000005283,2024-10-23
ID0000002293,ID0000000020,ID0000005284,2024-10-23
ID0000002294,ID0000000020,ID0000005285,2024-10-23
ID0000002295,ID0000000020,ID0000005286,2024-10-23
ID0000002296,ID0000000020,ID0000005287,2024-10-23
ID0000002297,ID0000000020,ID0000005288,2024-10-23
ID0000002298,ID0000000020,ID0000005289,2024-10-23
ID0000002299,ID0000000020,ID0000005290,2024-10-23
ID0000002300,ID0000000020,ID0000005291,2024-10-23
ID0000002301,ID0000000020,ID0000005292,2024-10-23
ID0000002302,ID0000000020,ID0000005293,2024-10-23
ID0000002303,ID0000000020,ID0000005294,2024-10-23
ID0000002304,ID0000000020,ID0000005295,2024-10-23
ID0000002305,ID0000000020,ID0000005296,2024-10-23
ID0000002306,ID0000000020,ID0000005297,2024-10-23
ID0000002307,ID0000000020,ID0000005298,2024-10-23
ID0000002308,ID0000000020,ID0000005299,2024-10-23
ID0000002309,ID0000000020,ID0000005300,2024-10-23
ID0000002310,ID0000000020,ID0000005301,2024-10-23
ID0000002311,ID0000000020,ID0000005302,2024-10-23
ID0000002312,ID0000000020,ID0000005303,2024-10-23
ID0000002313,ID0000000020,ID0000005304,2024-10-23
ID0000002314,ID0000000020,ID0000005305,2024-10-23
ID0000002315,ID0000000020,ID0000005306,2024-10-23
ID0000002316,ID0000000020,ID0000005307,2024-10-23
ID0000002317,ID0000000020,ID0000005308,2024-10-23
ID0000002318,ID0000000020,ID0000005309,2024-10-23
ID0000002319,ID0000000020,ID0000005310,2024-10-23
ID0000002320,ID0000000020,ID0000005311,2024-10-23
ID0000002321,ID0000000020,ID0000005312,2024-10-23
ID0000002322,ID0000000020,ID0000005313,2024-10-23
ID0000002323,ID0000000020,ID0000005314,2024-10-23
ID0000002324,ID0000000020,ID0000005315,2024-10-23
ID0000002325,ID0000000020,ID0000005316,2024-10-23
ID0000002326,ID0000000020,ID0000005317,2024-10-23
ID0000002327,ID0000000020,ID0000005318,2024-10-23
ID0000002328,ID0000000020,ID0000005319,2024-10-23
ID0000002329,ID0000000020,ID0000005320,2024-10-23
ID0000002330,ID0000000020,ID0000005321,2024-10-23
ID0000002331,ID0000000020,ID0000005322,2024-10-23
ID0000002332,ID0000000020,ID0000005323,2024-10-23
ID0000002333,ID0000000020,ID0000005324,2024-10-23
ID0000002334,ID0000000020,ID0000005325,2024-10-23
ID0000002335,ID0000000020,ID0000005326,2024-10-23
ID0000002336,ID0000000020,ID0000005327,2024-10-23
ID0000002337,ID0000000020,ID0000005328,2024-10-23
ID0000002338,ID0000000020,ID0000005329,2024-10-23
ID0000002339,ID0000000020,ID0000005330,2024-10-23
ID0000002340,ID0000000020,ID0000005331,2024-10-23
ID0000002341,ID0000000020,ID0000005332,2024-10-23
ID0000002342,ID0000000020,ID0000005333,2024-10-23
ID0000002343,ID0000000020,ID0000005334,2024-10-23
ID0000002344,ID0000000020,ID0000005335,2024-10-23
ID0000002345,ID0000000020,ID0000005336,2024-10-23
ID0000002346,ID0000000020,ID0000005337,2024-10-23
ID0000002347,ID0000000020,ID0000005338,2024-10-23
ID0000002348,ID0000000020,ID0000005339,2024-10-23
ID0000002349,ID0000000020,ID0000005340,2024-10-23
ID0000002350,ID0000000020,ID0000005341,2024-10-23
ID0000002351,ID0000000020,ID0000005342,2024-10-23
ID0000002352,ID0000000020,ID0000005343,2024-10-23
ID0000002353,ID0000000020,ID0000005344,2024-10-23
ID0000002354,ID0000000020,ID0000005345,2024-10-23
ID0000002355,ID0000000020,ID0000005346,2024-10-23
ID0000002356,ID0000000020,ID0000005347,2024-10-23
ID0000002357,ID0000000020,ID0000005348,2024-10-23
ID0000002358,ID0000000020,ID0000005349,2024-10-23
ID0000002359,ID0000000020,ID0000005350,2024-10-23
ID0000002360,ID0000000020,ID0000005351,2024-10-23
ID0000002361,ID0000000020,ID0000005352,2024-10-23
ID0000002362,ID0000000020,ID0000005353,2024-10-23
ID0000002363,ID0000000020,ID0000005354,2024-10-23
ID0000002364,ID0000000020,ID0000005355,2024-10-23
ID0000002365,ID0000000020,ID0000005356,2024-10-23
ID0000002366,ID0000000020,ID0000005357,2024-10-23
ID0000002367,ID0000000020,ID0000005358,2024-10-23
ID0000002368,ID0000000020,ID0000005359,2024-10-23
ID0000002369,ID0000000020,ID0000005360,2024-10-23
ID0000002370,ID0000000020,ID0000005361,2024-10-23
ID0000002371,ID0000000020,ID0000005362,2024-10-23
ID0000002372,ID0000000020,ID0000005363,2024-10-23
ID0000002373,ID0000000020,ID0000005364,2024-10-23
ID0000002374,ID0000000020,ID0000005365,2024-10-23
ID0000002375,ID0000000020,ID0000005366,2024-10-23
ID0000002376,ID0000000020,ID0000005367,2024-10-23
ID0000002377,ID0000000020,ID0000005368,2024-10-23
ID0000002378,ID0000000020,ID0000005369,2024-10-23
ID0000002379,ID0000000020,ID0000005370,2024-10-23
ID0000002380,ID0000000020,ID0000005371,2024-10-23
ID0000002381,ID0000000020,ID0000005372,2024-10-23
ID0000002382,ID0000000020,ID0000005373,2024-10-23
ID0000002383,ID0000000020,ID0000005374,2024-10-23
ID0000002384,ID0000000020,ID0000005375,2024-10-23
ID0000002385,ID0000000020,ID0000005376,2024-10-23
ID0000002386,ID0000000020,ID0000005377,2024-10-23
ID0000002387,ID0000000020,ID0000005378,2024-10-23
ID0000002388,ID0000000020,ID0000005379,2024-10-23
ID0000002389,ID0000000020,ID0000005380,2024-10-23
ID0000002390,ID0000000020,ID0000005381,2024-10-23
ID0000002391,ID0000000020,ID0000005382,2024-10-23
ID0000002392,ID0000000020,ID0000005383,2024-10-23
ID0000002393,ID0000000020,ID0000005384,2024-10-23
ID0000002394,ID0000000020,ID0000005385,2024-10-23
ID0000002395,ID0000000020,ID0000005386,2024-10-23
ID0000002396,ID0000000020,ID0000005387,2024-10-23
ID0000002397,ID0000000020,ID0000005388,2024-10-23
ID0000002398,ID0000000020,ID0000005389,2024-10-23
ID0000002399,ID0000000020,ID0000005390,2024-10-23
ID0000002400,ID0000000020,ID0000005391,2024-10-23
ID0000002401,ID0000000020,ID0000005392,2024-10-23
ID0000002402,ID0000000020,ID0000005393,2024-10-23
ID0000002403,ID0000000020,ID0000005394,2024-10-23
ID0000002404,ID0000000020,ID0000005395,2024-10-23
ID0000002405,ID0000000020,ID0000005396,2024-10-23
ID0000002406,ID0000000020,ID0000005397,2024-10-23
ID0000002407,ID0000000020,ID0000005398,2024-10-23
ID0000002408,ID0000000020,ID0000005399,2024-10-23
ID0000002409,ID0000000020,ID0000005400,2024-10-23
ID0000002410,ID0000000020,ID0000005401,2024-10-23
ID0000002411,ID0000000020,ID0000005402,2024-10-23
ID0000002412,ID0000000020,ID0000005403,2024-10-23
ID0000002413,ID0000000020,ID0000005404,2024-10-23
ID0000002414,ID0000000020,ID0000005405,2024-10-23
ID0000002415,ID0000000020,ID0000005406,2024-10-23
ID0000002416,ID0000000020,ID0000005407,2024-10-23
ID0000002417,ID0000000020,ID0000005408,2024-10-23
ID0000002418,ID0000000020,ID0000005409,2024-10-23
ID0000002419,ID0000000020,ID0000005410,2024-10-23
ID0000002420,ID0000000020,ID0000005411,2024-10-23
ID0000002421,ID0000000020,ID0000005412,2024-10-23
ID0000002422,ID0000000020,ID0000005413,2024-10-23
ID0000002423,ID0000000020,ID0000005414,2024-10-23
ID0000002424,ID0000000020,ID0000005415,2024-10-23
ID0000002425,ID0000000020,ID0000005416,2024-10-23
ID0000002426,ID0000000020,ID0000005417,2024-10-23
ID0000002427,ID0000000020,ID0000005418,2024-10-23
ID0000002428,ID0000000020,ID0000005419,2024-10-23
ID0000002429,ID0000000020,ID0000005420,2024-10-23
ID0000002430,ID0000000020,ID0000005421,2024-10-23
ID0000002431,ID0000000020,ID0000005422,2024-10-23
ID0000002432,ID0000000020,ID0000005423,2024-10-23
ID0000002433,ID0000000020,ID0000005424,2024-10-23
ID0000002434,ID0000000020,ID0000005425,2024-10-23
ID0000002435,ID0000000020,ID0000005426,2024-10-23
ID0000002436,ID0000000020,ID0000005427,2024-10-23
ID0000002437,ID0000000020,ID0000005428,2024-10-23
ID0000002438,ID0000000020,ID0000005429,2024-10-23
ID0000002439,ID0000000020,ID0000005430,2024-10-23
ID0000002440,ID0000000020,ID0000005431,2024-10-23
ID0000002441,ID0000000020,ID0000005432,2024-10-23
ID0000002442,ID0000000020,ID0000005433,2024-10-23
ID0000002443,ID0000000020,ID0000005434,2024-10-23
ID0000002444,ID0000000020,ID0000005435,2024-10-23
ID0000002445,ID0000000020,ID0000005436,2024-10-23
ID0000002446,ID0000000020,ID0000005437,2024-10-23
ID0000002447,ID0000000020,ID0000005438,2024-10-23
ID0000002448,ID0000000020,ID0000005439,2024-10-23
ID0000002449,ID0000000020,ID0000005440,2024-10-23
ID0000002450,ID0000000020,ID0000005441,2024-10-23
ID0000002451,ID0000000020,ID0000005442,2024-10-23
ID0000002452,ID0000000020,ID0000005443,2024-10-23
ID0000002453,ID0000000020,ID0000005444,2024-10-23
ID0000002454,ID0000000020,ID0000005445,2024-10-23
ID0000002455,ID0000000020,ID0000005446,2024-10-23
ID0000002456,ID0000000020,ID0000005447,2024-10-23
ID0000002457,ID0000000020,ID0000005448,2024-10-23
ID0000002458,ID0000000020,ID0000005449,2024-10-23
ID0000002459,ID0000000020,ID0000005450,2024-10-23
ID0000002460,ID0000000020,ID0000005451,2024-10-23
ID0000002461,ID0000000020,ID0000005452,2024-10-23
ID0000002462,ID0000000020,ID0000005453,2024-10-23
ID0000002463,ID0000000020,ID0000005454,2024-10-23
ID0000002464,ID0000000020,ID0000005455,2024-10-23
ID0000002465,ID0000000020,ID0000005456,2024-10-23
ID0000002466,ID0000000020,ID0000005457,2024-10-23
ID0000002467,ID0000000020,ID0000005458,2024-10-23
ID0000002468,ID0000000020,ID0000005459,2024-10-23
ID0000002469,ID0000000020,ID0000005460,2024-10-23
ID0000002470,ID0000000020,ID0000005461,2024-10-23
ID0000002471,ID0000000020,ID0000005462,2024-10-23
ID0000002472,ID0000000020,ID0000005463,2024-10-23
ID0000002473,ID0000000020,ID0000005464,2024-10-23
ID0000002474,ID0000000020,ID0000005465,2024-10-23
ID0000002475,ID0000000020,ID0000005466,2024-10-23
ID0000002476,ID0000000020,ID0000005467,2024-10-23
ID0000002477,ID0000000020,ID0000005468,2024-10-23
ID0000002478,ID0000000020,ID0000005469,2024-10-23
ID0000002479,ID0000000020,ID0000005470,2024-10-23
ID0000002480,ID0000000020,ID0000005471,2024-10-23
ID0000002481,ID0000000020,ID0000005472,2024-10-23
ID0000002482,ID0000000020,ID0000005473,2024-10-23
ID0000002483,ID0000000020,ID0000005474,2024-10-23
ID0000002484,ID0000000020,ID0000005475,2024-10-23
ID0000002485,ID0000000020,ID0000005476,2024-10-23
ID0000002486,ID0000000020,ID0000005477,2024-10-23
ID0000002487,ID0000000020,ID0000005478,2024-10-23
ID0000002488,ID0000000020,ID0000005479,2024-10-23
ID0000002489,ID0000000020,ID0000005480,2024-10-23
ID0000002490,ID0000000020,ID0000005481,2024-10-23
ID0000002491,ID0000000020,ID0000005482,2024-10-23
ID0000002492,ID0000000020,ID0000005483,2024-10-23
ID0000002493,ID0000000020,ID0000005484,2024-10-23
ID0000002494,ID0000000020,ID0000005485,2024-10-23
ID0000002495,ID0000000020,ID0000005486,2024-10-23
ID0000002496,ID0000000020,ID0000005487,2024-10-23
ID0000002497,ID0000000020,ID0000005488,2024-10-23
ID0000002498,ID0000000020,ID0000005489,2024-10-23
ID0000002499,ID0000000020,ID0000005490,2024-10-23
ID0000002500,ID0000000020,ID0000005491,2024-10-23
ID0000002501,ID0000000020,ID0000005492,2024-10-23
ID0000002502,ID0000000020,ID0000005493,2024-10-23
ID0000002503,ID0000000020,ID0000005494,2024-10-23
ID0000002504,ID0000000020,ID0000005495,2024-10-23
ID0000002505,ID0000000020,ID0000005496,2024-10-23
ID0000002506,ID0000000020,ID0000005497,2024-10-23
ID0000002507,ID0000000020,ID0000005498,2024-10-23
ID0000002508,ID0000000020,ID0000005499,2024-10-23
ID0000002509,ID0000000020,ID0000005500,2024-10-23
ID0000002510,ID0000000020,ID0000005501,2024-10-23
ID0000002511,ID0000000020,ID0000005502,2024-10-23
ID0000002512,ID0000000020,ID0000005503,2024-10-23
ID0000002513,ID0000000020,ID0000005504,2024-10-23
ID0000002514,ID0000000020,ID0000005505,2024-10-23
ID0000002515,ID0000000020,ID0000005506,2024-10-23
ID0000002516,ID0000000020,ID0000005507,2024-10-23
ID0000002517,ID0000000021,ID0000005772,2024-11-26
ID0000002518,ID0000000021,ID0000005773,2024-11-26
ID0000002519,ID0000000021,ID0000005774,2024-11-26
ID0000002520,ID0000000021,ID0000005775,2024-11-26
ID0000002521,ID0000000021,ID0000005776,2024-11-26
ID0000002522,ID0000000021,ID0000005777,2024-11-26
ID0000002523,ID0000000021,ID0000005778,2024-11-26
ID0000002524,ID0000000021,ID0000005779,2024-11-26
ID0000002525,ID0000000021,ID0000005780,2024-11-26
ID0000002526,ID0000000021,ID0000005781,2024-11-26
ID0000002527,ID0000000021,ID0000005782,2024-11-26
ID0000002528,ID0000000021,ID0000005783,2024-11-26
ID0000002529,ID0000000021,ID0000005784,2024-11-26
ID0000002530,ID0000000021,ID0000005785,2024-11-26
ID0000002531,ID0000000021,ID0000005786,2024-11-26
ID0000002532,ID0000000021,ID0000005787,2024-11-26
ID0000002533,ID0000000021,ID0000005788,2024-11-26
ID0000002534,ID0000000021,ID0000005789,2024-11-26
ID0000002535,ID0000000021,ID0000005790,2024-11-26
ID0000002536,ID0000000021,ID0000005791,2024-11-26
ID0000002537,ID0000000021,ID0000005792,2024-11-26
ID0000002538,ID0000000021,ID0000005793,2024-11-26
ID0000002539,ID0000000021,ID0000005794,2024-11-26
ID0000002540,ID0000000021,ID0000005795,2024-11-26
ID0000002541,ID0000000021,ID0000005796,2024-11-26
ID0000002542,ID0000000021,ID0000005797,2024-11-26
ID0000002543,ID0000000021,ID0000005798,2024-11-26
ID0000002544,ID0000000021,ID0000005799,2024-11-26
ID0000002545,ID0000000021,ID0000005800,2024-11-26
ID0000002546,ID0000000021,ID0000005801,2024-11-26
ID0000002547,ID0000000021,ID0000005802,2024-11-26
ID0000002548,ID0000000021,ID0000005803,2024-11-26
ID0000002549,ID0000000021,ID0000005804,2024-11-26
ID0000002550,ID0000000021,ID0000005805,2024-11-26
ID0000002551,ID0000000021,ID0000005806,2024-11-26
ID0000002552,ID0000000021,ID0000005807,2024-11-26
ID0000002553,ID0000000021,ID0000005808,2024-11-26
ID0000002554,ID0000000021,ID0000005809,2024-11-26
ID0000002555,ID0000000021,ID0000005810,2024-11-26
ID0000002556,ID0000000021,ID0000005811,2024-11-26
ID0000002557,ID0000000021,ID0000005812,2024-11-26
ID0000002558,ID0000000021,ID0000005813,2024-11-26
ID0000002559,ID0000000021,ID0000005814,2024-11-26
ID0000002560,ID0000000021,ID0000005815,2024-11-26
ID0000002561,ID0000000021,ID0000005816,2024-11-26
ID0000002562,ID0000000021,ID0000005817,2024-11-26
ID0000002563,ID0000000021,ID0000005818,2024-11-26
ID0000002564,ID0000000021,ID0000005819,2024-11-26
ID0000002565,ID0000000021,ID0000005820,2024-11-26
ID0000002566,ID0000000021,ID0000005821,2024-11-26
ID0000002567,ID0000000021,ID0000005822,2024-11-26
ID0000002568,ID0000000021,ID0000005823,2024-11-26
ID0000002569,ID0000000021,ID0000005824,2024-11-26
ID0000002570,ID0000000021,ID0000005825,2024-11-26
ID0000002571,ID0000000021,ID0000005826,2024-11-26
ID0000002572,ID0000000021,ID0000005827,2024-11-26
ID0000002573,ID0000000021,ID0000005828,2024-11-26
ID0000002574,ID0000000021,ID0000005829,2024-11-26
ID0000002575,ID0000000021,ID0000005830,2024-11-26
ID0000002576,ID0000000021,ID0000005831,2024-11-26
ID0000002577,ID0000000021,ID0000005832,2024-11-26
ID0000002578,ID0000000021,ID0000005833,2024-11-26
ID0000002579,ID0000000021,ID0000005834,2024-11-26
ID0000002580,ID0000000021,ID0000005835,2024-11-26
ID0000002581,ID0000000021,ID0000005836,2024-11-26
ID0000002582,ID0000000021,ID0000005837,2024-11-26
ID0000002583,ID0000000021,ID0000005838,2024-11-26
ID0000002584,ID0000000021,ID0000005839,2024-11-26
ID0000002585,ID0000000021,ID0000005840,2024-11-26
ID0000002586,ID0000000021,ID0000005841,2024-11-26
ID0000002587,ID0000000021,ID0000005842,2024-11-26
ID0000002588,ID0000000021,ID0000005843,2024-11-26
ID0000002589,ID0000000021,ID0000005844,2024-11-26
ID0000002590,ID0000000021,ID0000005845,2024-11-26
ID0000002591,ID0000000021,ID0000005846,2024-11-26
ID0000002592,ID0000000021,ID0000005847,2024-11-26
ID0000002593,ID0000000021,ID0000005848,2024-11-26
ID0000002594,ID0000000021,ID0000005849,2024-11-26
ID0000002595,ID0000000021,ID0000005850,2024-11-26
ID0000002596,ID0000000021,ID0000005851,2024-11-26
ID0000002597,ID0000000021,ID0000005852,2024-11-26
ID0000002598,ID0000000021,ID0000005853,2024-11-26
ID0000002599,ID0000000021,ID0000005854,2024-11-26
ID0000002600,ID0000000021,ID0000005855,2024-11-26
ID0000002601,ID0000000021,ID0000005856,2024-11-26
ID0000002602,ID0000000021,ID0000005857,2024-11-26
ID0000002603,ID0000000021,ID0000005858,2024-11-26
ID0000002604,ID0000000021,ID0000005859,2024-11-26
ID0000002605,ID0000000021,ID0000005860,2024-11-26
ID0000002606,ID0000000021,ID0000005861,2024-11-26
ID0000002607,ID0000000021,ID0000005862,2024-11-26
ID0000002608,ID0000000021,ID0000005863,2024-11-26
ID0000002609,ID0000000021,ID0000005864,2024-11-26
ID0000002610,ID0000000021,ID0000005865,2024-11-26
ID0000002611,ID0000000021,ID0000005866,2024-11-26
ID0000002612,ID0000000021,ID0000005867,2024-11-26
ID0000002613,ID0000000021,ID0000005868,2024-11-26
ID0000002614,ID0000000021,ID0000005869,2024-11-26
ID0000002615,ID0000000021,ID0000005870,2024-11-26
ID0000002616,ID0000000021,ID0000005871,2024-11-26
ID0000002617,ID0000000021,ID0000005872,2024-11-26
ID0000002618,ID0000000021,ID0000005873,2024-11-26
ID0000002619,ID0000000021,ID0000005874,2024-11-26
ID0000002620,ID0000000021,ID0000005875,2024-11-26
ID0000002621,ID0000000021,ID0000005876,2024-11-26
ID0000002622,ID0000000021,ID0000005877,2024-11-26
ID0000002623,ID0000000021,ID0000005878,2024-11-26
ID0000002624,ID0000000021,ID0000005879,2024-11-26
ID0000002625,ID0000000021,ID0000005880,2024-11-26
ID0000002626,ID0000000021,ID0000005881,2024-11-26
ID0000002627,ID0000000021,ID0000005882,2024-11-26
ID0000002628,ID0000000021,ID0000005883,2024-11-26
ID0000002629,ID0000000021,ID0000005884,2024-11-26
ID0000002630,ID0000000021,ID0000005885,2024-11-26
ID0000002631,ID0000000021,ID0000005886,2024-11-26
ID0000002632,ID0000000021,ID0000005887,2024-11-26
ID0000002633,ID0000000021,ID0000005888,2024-11-26
ID0000002634,ID0000000021,ID0000005889,2024-11-26
ID0000002635,ID0000000021,ID0000005890,2024-11-26
ID0000002636,ID0000000021,ID0000005891,2024-11-26
ID0000002637,ID0000000021,ID0000005892,2024-11-26
ID0000002638,ID0000000021,ID0000005893,2024-11-26
ID0000002639,ID0000000021,ID0000005894,2024-11-26
ID0000002640,ID0000000021,ID0000005895,2024-11-26
ID0000002641,ID0000000021,ID0000005896,2024-11-26
ID0000002642,ID0000000021,ID0000005897,2024-11-26
ID0000002643,ID0000000021,ID0000005898,2024-11-26
ID0000002644,ID0000000021,ID0000005899,2024-11-26
ID0000002645,ID0000000021,ID0000005900,2024-11-26
ID0000002646,ID0000000021,ID0000005901,2024-11-26
ID0000002647,ID0000000021,ID0000005902,2024-11-26
ID0000002648,ID0000000021,ID0000005903,2024-11-26
ID0000002649,ID0000000021,ID0000005904,2024-11-26
ID0000002650,ID0000000021,ID0000005905,2024-11-26
ID0000002651,ID0000000021,ID0000005906,2024-11-26
ID0000002652,ID0000000021,ID0000005907,2024-11-26
ID0000002653,ID0000000021,ID0000005908,2024-11-26
ID0000002654,ID0000000021,ID0000005909,2024-11-26
ID0000002655,ID0000000021,ID0000005910,2024-11-26
ID0000002656,ID0000000021,ID0000005911,2024-11-26
ID0000002657,ID0000000021,ID0000005912,2024-11-26
ID0000002658,ID0000000021,ID0000005913,2024-11-26
ID0000002659,ID0000000021,ID0000005914,2024-11-26
ID0000002660,ID0000000021,ID0000005915,2024-11-26
ID0000002661,ID0000000021,ID0000005916,2024-11-26
ID0000002662,ID0000000021,ID0000005917,2024-11-26
ID0000002663,ID0000000021,ID0000005918,2024-11-26
ID0000002664,ID0000000021,ID0000005919,2024-11-26
ID0000002665,ID0000000021,ID0000005920,2024-11-26
ID0000002666,ID0000000021,ID0000005921,2024-11-26
ID0000002667,ID0000000021,ID0000005922,2024-11-26
ID0000002668,ID0000000021,ID0000005923,2024-11-26
ID0000002669,ID0000000021,ID0000005924,2024-11-26
ID0000002670,ID0000000021,ID0000005925,2024-11-26
ID0000002671,ID0000000021,ID0000005926,2024-11-26
ID0000002672,ID0000000021,ID0000005927,2024-11-26
ID0000002673,ID0000000021,ID0000005928,2024-11-26
ID0000002674,ID0000000021,ID0000005929,2024-11-26
ID0000002675,ID0000000021,ID0000005930,2024-11-26
ID0000002676,ID0000000021,ID0000005931,2024-11-26
ID0000002677,ID0000000021,ID0000005932,2024-11-26
ID0000002678,ID0000000021,ID0000005933,2024-11-26
ID0000002679,ID0000000021,ID0000005934,2024-11-26
ID0000002680,ID0000000021,ID0000005935,2024-11-26
ID0000002681,ID0000000021,ID0000005936,2024-11-26
ID0000002682,ID0000000021,ID0000005937,2024-11-26
ID0000002683,ID0000000021,ID0000005938,2024-11-26
ID0000002684,ID0000000021,ID0000005939,2024-11-26
ID0000002685,ID0000000021,ID0000005940,2024-11-26
ID0000002686,ID0000000021,ID0000005941,2024-11-26
ID0000002687,ID0000000021,ID0000005942,2024-11-26
ID0000002688,ID0000000021,ID0000005943,2024-11-26
ID0000002689,ID0000000021,ID0000005944,2024-11-26
ID0000002690,ID0000000021,ID0000005945,2024-11-26
ID0000002691,ID0000000021,ID0000005946,2024-11-26
ID0000002692,ID0000000021,ID0000005947,2024-11-26
ID0000002693,ID0000000021,ID0000005948,2024-11-26
ID0000002694,ID0000000021,ID0000005949,2024-11-26
ID0000002695,ID0000000022,ID0000006227,2025-01-02
ID0000002696,ID0000000022,ID0000006228,2025-01-02
ID0000002697,ID0000000022,ID0000006229,2025-01-02
ID0000002698,ID0000000022,ID0000006230,2025-01-02
ID0000002699,ID0000000022,ID0000006231,2025-01-02
ID0000002700,ID0000000022,ID0000006232,2025-01-02
ID0000002701,ID0000000022,ID0000006233,2025-01-02
ID0000002702,ID0000000022,ID0000006234,2025-01-02
ID0000002703,ID0000000022,ID0000006235,2025-01-02
ID0000002704,ID0000000022,ID0000006236,2025-01-02
ID0000002705,ID0000000022,ID0000006237,2025-01-02
ID0000002706,ID0000000022,ID0000006238,2025-01-02
ID0000002707,ID0000000022,ID0000006239,2025-01-02
ID0000002708,ID0000000022,ID0000006240,2025-01-02
ID0000002709,ID0000000022,ID0000006241,2025-01-02
ID0000002710,ID0000000022,ID0000006242,2025-01-02
ID0000002711,ID0000000022,ID0000006243,2025-01-02
ID0000002712,ID0000000022,ID0000006244,2025-01-02
ID0000002713,ID0000000022,ID0000006245,2025-01-02
ID0000002714,ID0000000022,ID0000006246,2025-01-02
ID0000002715,ID0000000022,ID0000006247,2025-01-02
ID0000002716,ID0000000022,ID0000006248,2025-01-02
ID0000002717,ID0000000022,ID0000006249,2025-01-02
ID0000002718,ID0000000022,ID0000006250,2025-01-02
ID0000002719,ID0000000022,ID0000006251,2025-01-02
ID0000002720,ID0000000022,ID0000006252,2025-01-02
ID0000002721,ID0000000023,ID0000006253,2025-01-02
ID0000002722,ID0000000023,ID0000006254,2025-01-02
ID0000002723,ID0000000023,ID0000006255,2025-01-02
ID0000002724,ID0000000023,ID0000006256,2025-01-02
ID0000002725,ID0000000023,ID0000006257,2025-01-02
ID0000002726,ID0000000023,ID0000006258,2025-01-02
ID0000002727,ID0000000023,ID0000006259,2025-01-02
ID0000002728,ID0000000023,ID0000006260,2025-01-02
ID0000002729,ID0000000023,ID0000006261,2025-01-02
ID0000002730,ID0000000023,ID0000006262,2025-01-02
ID0000002731,ID0000000023,ID0000006263,2025-01-02
ID0000002732,ID0000000023,ID0000006264,2025-01-02
ID0000002733,ID0000000023,ID0000006265,2025-01-02
ID0000002734,ID0000000023,ID0000006266,2025-01-02
ID0000002735,ID0000000023,ID0000006267,2025-01-02
ID0000002736,ID0000000023,ID0000006268,2025-01-02
ID0000002737,ID0000000023,ID0000006269,2025-01-02
ID0000002738,ID0000000023,ID0000006270,2025-01-02
ID0000002739,ID0000000023,ID0000006271,2025-01-02
ID0000002740,ID0000000023,ID0000006272,2025-01-02
ID0000002741,ID0000000023,ID0000006273,2025-01-02
ID0000002742,ID0000000023,ID0000006274,2025-01-02
ID0000002743,ID0000000023,ID0000006275,2025-01-02
ID0000002744,ID0000000023,ID0000006276,2025-01-02
ID0000002745,ID0000000023,ID0000006277,2025-01-02
ID0000002746,ID0000000023,ID0000006278,2025-01-02
ID0000002747,ID0000000023,ID0000006279,2025-01-02
ID0000002748,ID0000000023,ID0000006280,2025-01-02
ID0000002749,ID0000000023,ID0000006281,2025-01-02
ID0000002750,ID0000000023,ID0000006282,2025-01-02
ID0000002751,ID0000000023,ID0000006283,2025-01-02
ID0000002752,ID0000000023,ID0000006284,2025-01-02
ID0000002753,ID0000000023,ID0000006285,2025-01-02
ID0000002754,ID0000000023,ID0000006286,2025-01-02
ID0000002755,ID0000000023,ID0000006287,2025-01-02
ID0000002756,ID0000000023,ID0000006288,2025-01-02
ID0000002757,ID0000000023,ID0000006289,2025-01-02
ID0000002758,ID0000000023,ID0000006290,2025-01-02
ID0000002759,ID0000000023,ID0000006291,2025-01-02
ID0000002760,ID0000000023,ID0000006292,2025-01-02
ID0000002761,ID0000000023,ID0000006293,2025-01-02
ID0000002762,ID0000000023,ID0000006294,2025-01-02
ID0000002763,ID0000000023,ID0000006295,2025-01-02
ID0000002764,ID0000000023,ID0000006296,2025-01-02
ID0000002765,ID0000000023,ID0000006297,2025-01-02
ID0000002766,ID0000000023,ID0000006298,2025-01-02
ID0000002767,ID0000000023,ID0000006299,2025-01-02
ID0000002768,ID0000000023,ID0000006300,2025-01-02
ID0000002769,ID0000000023,ID0000006301,2025-01-02
ID0000002770,ID0000000023,ID0000006302,2025-01-02
ID0000002771,ID0000000023,ID0000006303,2025-01-02
ID0000002772,ID0000000023,ID0000006304,2025-01-02
ID0000002773,ID0000000023,ID0000006305,2025-01-02
ID0000002774,ID0000000023,ID0000006306,2025-01-02
ID0000002775,ID0000000023,ID0000006307,2025-01-02
ID0000002776,ID0000000023,ID0000006308,2025-01-02
ID0000002777,ID0000000023,ID0000006309,2025-01-02
ID0000002778,ID0000000023,ID0000006310,2025-01-02
ID0000002779,ID0000000023,ID0000006311,2025-01-02
ID0000002780,ID0000000023,ID0000006312,2025-01-02
ID0000002781,ID0000000023,ID0000006313,2025-01-02
ID0000002782,ID0000000023,ID0000006314,2025-01-02
ID0000002783,ID0000000023,ID0000006315,2025-01-02
ID0000002784,ID0000000023,ID0000006316,2025-01-02
ID0000002785,ID0000000023,ID0000006317,2025-01-02
ID0000002786,ID0000000023,ID0000006318,2025-01-02
ID0000002787,ID0000000023,ID0000006319,2025-01-02
ID0000002788,ID0000000023,ID0000006320,2025-01-02
ID0000002789,ID0000000023,ID0000006321,2025-01-02
ID0000002790,ID0000000023,ID0000006322,2025-01-02
ID0000002791,ID0000000023,ID0000006323,2025-01-02
ID0000002792,ID0000000023,ID0000006324,2025-01-02
ID0000002793,ID0000000023,ID0000006325,2025-01-02
ID0000002794,ID0000000023,ID0000006326,2025-01-02
ID0000002795,ID0000000023,ID0000006327,2025-01-02
ID0000002796,ID0000000023,ID0000006328,2025-01-02
ID0000002797,ID0000000023,ID0000006329,2025-01-02
ID0000002798,ID0000000023,ID0000006330,2025-01-02
ID0000002799,ID0000000023,ID0000006331,2025-01-02
ID0000002800,ID0000000023,ID0000006332,2025-01-02
ID0000002801,ID0000000023,ID0000006333,2025-01-02
ID0000002802,ID0000000023,ID0000006334,2025-01-02
ID0000002803,ID0000000023,ID0000006335,2025-01-02
ID0000002804,ID0000000023,ID0000006336,2025-01-02
ID0000002805,ID0000000023,ID0000006337,2025-01-02
ID0000002806,ID0000000023,ID0000006338,2025-01-02
ID0000002807,ID0000000023,ID0000006339,2025-01-02
ID0000002808,ID0000000023,ID0000006340,2025-01-02
ID0000002809,ID0000000023,ID0000006341,2025-01-02
ID0000002810,ID0000000023,ID0000006342,2025-01-02
ID0000002811,ID0000000023,ID0000006343,2025-01-02
ID0000002812,ID0000000023,ID0000006344,2025-01-02
ID0000002813,ID0000000023,ID0000006345,2025-01-02
ID0000002814,ID0000000023,ID0000006346,2025-01-02
ID0000002815,ID0000000023,ID0000006347,2025-01-02
ID0000002816,ID0000000023,ID0000006348,2025-01-02
ID0000002817,ID0000000023,ID0000006349,2025-01-02
ID0000002818,ID0000000023,ID0000006350,2025-01-02
ID0000002819,ID0000000023,ID0000006351,2025-01-02
ID0000002820,ID0000000023,ID0000006352,2025-01-02
ID0000002821,ID0000000023,ID0000006353,2025-01-02
ID0000002822,ID0000000023,ID0000006354,2025-01-02
ID0000002823,ID0000000023,ID0000006355,2025-01-02
ID0000002824,ID0000000023,ID0000006356,2025-01-02
ID0000002825,ID0000000023,ID0000006357,2025-01-02
ID0000002826,ID0000000023,ID0000006358,2025-01-02
ID0000002827,ID0000000023,ID0000006359,2025-01-02
ID0000002828,ID0000000023,ID0000006360,2025-01-02
ID0000002829,ID0000000023,ID0000006361,2025-01-02
ID0000002830,ID0000000023,ID0000006362,2025-01-02
ID0000002831,ID0000000023,ID0000006363,2025-01-02
ID0000002832,ID0000000023,ID0000006364,2025-01-02
ID0000002833,ID0000000023,ID0000006365,2025-01-02
ID0000002834,ID0000000023,ID0000006366,2025-01-02
ID0000002835,ID0000000023,ID0000006367,2025-01-02
ID0000002836,ID0000000023,ID0000006368,2025-01-02
ID0000002837,ID0000000023,ID0000006369,2025-01-02
ID0000002838,ID0000000023,ID0000006370,2025-01-02
ID0000002839,ID0000000023,ID0000006371,2025-01-02
ID0000002840,ID0000000023,ID0000006372,2025-01-02
ID0000002841,ID0000000023,ID0000006373,2025-01-02
ID0000002842,ID0000000023,ID0000006374,2025-01-02
ID0000002843,ID0000000023,ID0000006375,2025-01-02
ID0000002844,ID0000000023,ID0000006376,2025-01-02
ID0000002845,ID0000000023,ID0000006377,2025-01-02
ID0000002846,ID0000000023,ID0000006378,2025-01-02
ID0000002847,ID0000000023,ID0000006379,2025-01-02
ID0000002848,ID0000000023,ID0000006380,2025-01-02
ID0000002849,ID0000000023,ID0000006381,2025-01-02
ID0000002850,ID0000000023,ID0000006382,2025-01-02
ID0000002851,ID0000000023,ID0000006383,2025-01-02
ID0000002852,ID0000000023,ID0000006384,2025-01-02
ID0000002853,ID0000000023,ID0000006385,2025-01-02
ID0000002854,ID0000000023,ID0000006386,2025-01-02
ID0000002855,ID0000000023,ID0000006387,2025-01-02
ID0000002856,ID0000000023,ID0000006388,2025-01-02
ID0000002857,ID0000000023,ID0000006389,2025-01-02
ID0000002858,ID0000000023,ID0000006390,2025-01-02
ID0000002859,ID0000000023,ID0000006391,2025-01-02
ID0000002860,ID0000000023,ID0000006392,2025-01-02
ID0000002861,ID0000000023,ID0000006393,2025-01-02
ID0000002862,ID0000000023,ID0000006394,2025-01-02
ID0000002863,ID0000000023,ID0000006395,2025-01-02
ID0000002864,ID0000000023,ID0000006396,2025-01-02
ID0000002865,ID0000000023,ID0000006397,2025-01-02
ID0000002866,ID0000000023,ID0000006398,2025-01-02
ID0000002867,ID0000000023,ID0000006399,2025-01-02
ID0000002868,ID0000000023,ID0000006400,2025-01-02
ID0000002869,ID0000000023,ID0000006401,2025-01-02
ID0000002870,ID0000000023,ID0000006402,2025-01-02
ID0000002871,ID0000000023,ID0000006403,2025-01-02
ID0000002872,ID0000000023,ID0000006404,2025-01-02
ID0000002873,ID0000000023,ID0000006405,2025-01-02
ID0000002874,ID0000000023,ID0000006406,2025-01-02
ID0000002875,ID0000000023,ID0000006407,2025-01-02
ID0000002876,ID0000000023,ID0000006408,2025-01-02
ID0000002877,ID0000000023,ID0000006409,2025-01-02
ID0000002878,ID0000000023,ID0000006410,2025-01-02
ID0000002879,ID0000000023,ID0000006411,2025-01-02
ID0000002880,ID0000000023,ID0000006412,2025-01-02
ID0000002881,ID0000000023,ID0000006413,2025-01-02
ID0000002882,ID0000000023,ID0000006414,2025-01-02
ID0000002883,ID0000000023,ID0000006415,2025-01-02
ID0000002884,ID0000000023,ID0000006416,2025-01-02
ID0000002885,ID0000000023,ID0000006417,2025-01-02
ID0000002886,ID0000000023,ID0000006418,2025-01-02
ID0000002887,ID0000000023,ID0000006419,2025-01-02
ID0000002888,ID0000000023,ID0000006420,2025-01-02
ID0000002889,ID0000000023,ID0000006421,2025-01-02
ID0000002890,ID0000000023,ID0000006422,2025-01-02
ID0000002891,ID0000000023,ID0000006423,2025-01-02
ID0000002892,ID0000000023,ID0000006424,2025-01-02
ID0000002893,ID0000000023,ID0000006425,2025-01-02
ID0000002894,ID0000000023,ID0000006426,2025-01-02
ID0000002895,ID0000000023,ID0000006427,2025-01-02
ID0000002896,ID0000000023,ID0000006428,2025-01-02
ID0000002897,ID0000000023,ID0000006429,2025-01-02
ID0000002898,ID0000000023,ID0000006430,2025-01-02
ID0000002899,ID0000000023,ID0000006431,2025-01-02
ID0000002900,ID0000000023,ID0000006432,2025-01-02
ID0000002901,ID0000000023,ID0000006433,2025-01-02
ID0000002902,ID0000000023,ID0000006434,2025-01-02
ID0000002903,ID0000000023,ID0000006435,2025-01-02
ID0000002904,ID0000000023,ID0000006436,2025-01-02
ID0000002905,ID0000000023,ID0000006437,2025-01-02
ID0000002906,ID0000000023,ID0000006438,2025-01-02
ID0000002907,ID0000000023,ID0000006439,2025-01-02
ID0000002908,ID0000000023,ID0000006440,2025-01-02
ID0000002909,ID0000000023,ID0000006441,2025-01-02
ID0000002910,ID0000000023,ID0000006442,2025-01-02
ID0000002911,ID0000000023,ID0000006443,2025-01-02
ID0000002912,ID0000000023,ID0000006444,2025-01-02
ID0000002913,ID0000000023,ID0000006445,2025-01-02
ID0000002914,ID0000000023,ID0000006446,2025-01-02
ID0000002915,ID0000000023,ID0000006447,2025-01-02
ID0000002916,ID0000000023,ID0000006448,2025-01-02
ID0000002917,ID0000000023,ID0000006449,2025-01-02
ID0000002918,ID0000000023,ID0000006450,2025-01-02
ID0000002919,ID0000000023,ID0000006451,2025-01-02
ID0000002920,ID0000000023,ID0000006452,2025-01-02
ID0000002921,ID0000000023,ID0000006453,2025-01-02
ID0000002922,ID0000000023,ID0000006454,2025-01-02
ID0000002923,ID0000000023,ID0000006455,2025-01-02
ID0000002924,ID0000000023,ID0000006456,2025-01-02
ID0000002925,ID0000000023,ID0000006457,2025-01-02
ID0000002926,ID0000000023,ID0000006458,2025-01-02
ID0000002927,ID0000000023,ID0000006459,2025-01-02
ID0000002928,ID0000000023,ID0000006460,2025-01-02
ID0000002929,ID0000000023,ID0000006461,2025-01-02
ID0000002930,ID0000000023,ID0000006462,2025-01-02
ID0000002931,ID0000000023,ID0000006463,2025-01-02
ID0000002932,ID0000000023,ID0000006464,2025-01-02
ID0000002933,ID0000000023,ID0000006465,2025-01-02
ID0000002934,ID0000000023,ID0000006466,2025-01-02
ID0000002935,ID0000000023,ID0000006467,2025-01-02
ID0000002936,ID0000000023,ID0000006468,2025-01-02
ID0000002937,ID0000000023,ID0000006469,2025-01-02
ID0000002938,ID0000000023,ID0000006470,2025-01-02
ID0000002939,ID0000000023,ID0000006471,2025-01-02
ID0000002940,ID0000000023,ID0000006472,2025-01-02
ID0000002941,ID0000000023,ID0000006473,2025-01-02
ID0000002942,ID0000000023,ID0000006474,2025-01-02
ID0000002943,ID0000000023,ID0000006475,2025-01-02
ID0000002944,ID0000000023,ID0000006476,2025-01-02
ID0000002945,ID0000000023,ID0000006477,2025-01-02
ID0000002946,ID0000000023,ID0000006478,2025-01-02
ID0000002947,ID0000000023,ID0000006479,2025-01-02
ID0000002948,ID0000000023,ID0000006480,2025-01-02
ID0000002949,ID0000000023,ID0000006481,2025-01-02
ID0000002950,ID0000000023,ID0000006482,2025-01-02
ID0000002951,ID0000000023,ID0000006483,2025-01-02
ID0000002952,ID0000000023,ID0000006484,2025-01-02
ID0000002953,ID0000000023,ID0000006485,2025-01-02
ID0000002954,ID0000000023,ID0000006486,2025-01-02
ID0000002955,ID0000000023,ID0000006487,2025-01-02
ID0000002956,ID0000000023,ID0000006488,2025-01-02
ID0000002957,ID0000000023,ID0000006489,2025-01-02
ID0000002958,ID0000000023,ID0000006490,2025-01-02
ID0000002959,ID0000000023,ID0000006491,2025-01-02
ID0000002960,ID0000000023,ID0000006492,2025-01-02
ID0000002961,ID0000000023,ID0000006493,2025-01-02
ID0000002962,ID0000000023,ID0000006494,2025-01-02
ID0000002963,ID0000000023,ID0000006495,2025-01-02
ID0000002964,ID0000000023,ID0000006496,2025-01-02
ID0000002965,ID0000000023,ID0000006497,2025-01-02
ID0000002966,ID0000000023,ID0000006498,2025-01-02
ID0000002967,ID0000000023,ID0000006499,2025-01-02
ID0000002968,ID0000000023,ID0000006500,2025-01-02
ID0000002969,ID0000000023,ID0000006501,2025-01-02
ID0000002970,ID0000000023,ID0000006502,2025-01-02
ID0000002971,ID0000000023,ID0000006503,2025-01-02
ID0000002972,ID0000000023,ID0000006504,2025-01-02
ID0000002973,ID0000000023,ID0000006505,2025-01-02
ID0000002974,ID0000000023,ID0000006506,2025-01-02
ID0000002975,ID0000000023,ID0000006507,2025-01-02
ID0000002976,ID0000000023,ID0000006508,2025-01-02
ID0000002977,ID0000000023,ID0000006509,2025-01-02
ID0000002978,ID0000000023,ID0000006510,2025-01-02
ID0000002979,ID0000000023,ID0000006511,2025-01-02
ID0000002980,ID0000000023,ID0000006512,2025-01-02
ID0000002981,ID0000000023,ID0000006513,2025-01-02
ID0000002982,ID0000000023,ID0000006514,2025-01-02
ID0000002983,ID0000000023,ID0000006515,2025-01-02
ID0000002984,ID0000000023,ID0000006516,2025-01-02
ID0000002985,ID0000000023,ID0000006517,2025-01-02
ID0000002986,ID0000000023,ID0000006518,2025-01-02
ID0000002987,ID0000000023,ID0000006519,2025-01-02
ID0000002988,ID0000000023,ID0000006520,2025-01-02
ID0000002989,ID0000000023,ID0000006521,2025-01-02
ID0000002990,ID0000000023,ID0000006522,2025-01-02
ID0000002991,ID0000000023,ID0000006523,2025-01-02
ID0000002992,ID0000000023,ID0000006524,2025-01-02
ID0000002993,ID0000000023,ID0000006525,2025-01-02
ID0000002994,ID0000000023,ID0000006526,2025-01-02
ID0000002995,ID0000000023,ID0000006527,2025-01-02
ID0000002996,ID0000000023,ID0000006528,2025-01-02
ID0000002997,ID0000000023,ID0000006529,2025-01-02
ID0000002998,ID0000000023,ID0000006530,2025-01-02
ID0000002999,ID0000000023,ID0000006531,2025-01-02
ID0000003000,ID0000000023,ID0000006532,2025-01-02
ID0000003001,ID0000000023,ID0000006533,2025-01-02
ID0000003002,ID0000000023,ID0000006534,2025-01-02
ID0000003003,ID0000000023,ID0000006535,2025-01-02
ID0000003004,ID0000000023,ID0000006536,2025-01-02
ID0000003005,ID0000000023,ID0000006537,2025-01-02
ID0000003006,ID0000000022,ID0000006554,2025-01-03
ID0000003007,ID0000000022,ID0000006555,2025-01-03
ID0000003008,ID0000000022,ID0000006556,2025-01-03
ID0000003009,ID0000000022,ID0000006557,2025-01-03
ID0000003010,ID0000000022,ID0000006558,2025-01-03
ID0000003011,ID0000000022,ID0000006559,2025-01-03
ID0000003012,ID0000000022,ID0000006560,2025-01-03
ID0000003013,ID0000000022,ID0000006561,2025-01-03
ID0000003014,ID0000000022,ID0000006562,2025-01-03
ID0000003015,ID0000000022,ID0000006563,2025-01-03
ID0000003016,ID0000000022,ID0000006564,2025-01-03
ID0000003017,ID0000000022,ID0000006565,2025-01-03
ID0000003018,ID0000000022,ID0000006566,2025-01-03
ID0000003019,ID0000000022,ID0000006567,2025-01-03
ID0000003020,ID0000000022,ID0000006568,2025-01-03
ID0000003021,ID0000000022,ID0000006569,2025-01-03
ID0000003022,ID0000000022,ID0000006570,2025-01-03
ID0000003023,ID0000000022,ID0000006571,2025-01-03
ID0000003024,ID0000000022,ID0000006572,2025-01-03
ID0000003025,ID0000000022,ID0000006573,2025-01-03
ID0000003026,ID0000000022,ID0000006574,2025-01-03
ID0000003027,ID0000000022,ID0000006575,2025-01-03
ID0000003028,ID0000000022,ID0000006576,2025-01-03
ID0000003029,ID0000000022,ID0000006577,2025-01-03
ID0000003030,ID0000000022,ID0000006578,2025-01-03
ID0000003031,ID0000000022,ID0000006579,2025-01-03
ID0000003032,ID0000000022,ID0000006580,2025-01-03
ID0000003033,ID0000000022,ID0000006581,2025-01-03
ID0000003034,ID0000000022,ID0000006582,2025-01-03
ID0000003035,ID0000000022,ID0000006583,2025-01-03
ID0000003036,ID0000000022,ID0000006584,2025-01-03
ID0000003037,ID0000000022,ID0000006585,2025-01-03
ID0000003038,ID0000000022,ID0000006586,2025-01-03
ID0000003039,ID0000000022,ID0000006587,2025-01-03
ID0000003040,ID0000000022,ID0000006588,2025-01-03
ID0000003041,ID0000000022,ID0000006589,2025-01-03
ID0000003042,ID0000000022,ID0000006590,2025-01-03
ID0000003043,ID0000000022,ID0000006591,2025-01-03
ID0000003044,ID0000000022,ID0000006592,2025-01-03
ID0000003045,ID0000000022,ID0000006593,2025-01-03
ID0000003046,ID0000000022,ID0000006594,2025-01-03
ID0000003047,ID0000000022,ID0000006595,2025-01-03
ID0000003048,ID0000000022,ID0000006596,2025-01-03
ID0000003049,ID0000000022,ID0000006602,2025-01-04
ID0000003050,ID0000000022,ID0000006603,2025-01-04
ID0000003051,ID0000000022,ID0000006604,2025-01-04
ID0000003052,ID0000000022,ID0000006605,2025-01-04
ID0000003053,ID0000000022,ID0000006606,2025-01-04
ID0000003054,ID0000000022,ID0000006607,2025-01-04
ID0000003055,ID0000000022,ID0000006613,2025-01-05
ID0000003056,ID0000000022,ID0000006614,2025-01-05
ID0000003057,ID0000000022,ID0000006615,2025-01-05
ID0000003058,ID0000000022,ID0000006616,2025-01-05
ID0000003059,ID0000000022,ID0000006617,2025-01-05
ID0000003060,ID0000000022,ID0000006618,2025-01-05
ID0000003061,ID0000000022,ID0000006638,2025-01-06
ID0000003062,ID0000000022,ID0000006639,2025-01-06
ID0000003063,ID0000000022,ID0000006640,2025-01-06
ID0000003064,ID0000000022,ID0000006641,2025-01-06
ID0000003065,ID0000000022,ID0000006642,2025-01-06
ID0000003066,ID0000000022,ID0000006643,2025-01-06
ID0000003067,ID0000000022,ID0000006644,2025-01-06
ID0000003068,ID0000000022,ID0000006645,2025-01-06
ID0000003069,ID0000000022,ID0000006646,2025-01-06
ID0000003070,ID0000000022,ID0000006647,2025-01-06
ID0000003071,ID0000000022,ID0000006648,2025-01-06
ID0000003072,ID0000000022,ID0000006649,2025-01-06
ID0000003073,ID0000000022,ID0000006650,2025-01-06
ID0000003074,ID0000000022,ID0000006651,2025-01-06
ID0000003075,ID0000000022,ID0000006664,2025-01-07
ID0000003076,ID0000000022,ID0000006665,2025-01-07
ID0000003077,ID0000000022,ID0000006666,2025-01-07
ID0000003078,ID0000000022,ID0000006667,2025-01-07
ID0000003079,ID0000000022,ID0000006668,2025-01-07
ID0000003080,ID0000000022,ID0000006669,2025-01-07
ID0000003081,ID0000000022,ID0000006670,2025-01-07
ID0000003082,ID0000000022,ID0000006671,2025-01-07
ID0000003083,ID0000000022,ID0000006672,2025-01-07
ID0000003084,ID0000000022,ID0000006673,2025-01-07
ID0000003085,ID0000000022,ID0000006674,2025-01-07
ID0000003086,ID0000000022,ID0000006675,2025-01-07
ID0000003087,ID0000000022,ID0000006676,2025-01-07
ID0000003088,ID0000000022,ID0000006677,2025-01-07
ID0000003089,ID0000000022,ID0000006678,2025-01-07
ID0000003090,ID0000000022,ID0000006679,2025-01-07
ID0000003091,ID0000000022,ID0000006680,2025-01-07
ID0000003092,ID0000000022,ID0000006681,2025-01-07
ID0000003093,ID0000000022,ID0000006682,2025-01-07
ID0000003094,ID0000000022,ID0000006683,2025-01-07
ID0000003095,ID0000000022,ID0000006684,2025-01-07
ID0000003096,ID0000000022,ID0000006685,2025-01-07
ID0000003097,ID0000000022,ID0000006686,2025-01-07
ID0000003098,ID0000000022,ID0000006687,2025-01-07
ID0000003099,ID0000000022,ID0000006688,2025-01-07
ID0000003100,ID0000000022,ID0000006689,2025-01-07
ID0000003101,ID0000000022,ID0000006690,2025-01-07
ID0000003102,ID0000000022,ID0000006691,2025-01-07
ID0000003103,ID0000000022,ID0000006692,2025-01-07
ID0000003104,ID0000000022,ID0000006693,2025-01-07
ID0000003105,ID0000000022,ID0000006694,2025-01-07
ID0000003106,ID0000000022,ID0000006695,2025-01-07
ID0000003107,ID0000000022,ID0000006696,2025-01-07
ID0000003108,ID0000000022,ID0000006697,2025-01-07
ID0000003109,ID0000000022,ID0000006698,2025-01-07
ID0000003110,ID0000000022,ID0000006699,2025-01-07
ID0000003111,ID0000000022,ID0000006700,2025-01-07
ID0000003112,ID0000000022,ID0000006701,2025-01-07
ID0000003113,ID0000000022,ID0000006702,2025-01-07
ID0000003114,ID0000000024,ID0000006933,2025-02-06
ID0000003115,ID0000000024,ID0000006934,2025-02-06
ID0000003116,ID0000000024,ID0000006935,2025-02-06
ID0000003117,ID0000000024,ID0000006936,2025-02-06
ID0000003118,ID0000000024,ID0000006937,2025-02-06
ID0000003119,ID0000000024,ID0000006938,2025-02-06
ID0000003120,ID0000000024,ID0000006939,2025-02-06
ID0000003121,ID0000000024,ID0000006940,2025-02-06
ID0000003122,ID0000000024,ID0000006941,2025-02-06
ID0000003123,ID0000000024,ID0000006942,2025-02-06
ID0000003124,ID0000000024,ID0000006943,2025-02-06
ID0000003125,ID0000000024,ID0000006944,2025-02-06
ID0000003126,ID0000000024,ID0000006945,2025-02-06
ID0000003127,ID0000000024,ID0000006946,2025-02-06
ID0000003128,ID0000000024,ID0000006947,2025-02-06
ID0000003129,ID0000000024,ID0000006948,2025-02-06
ID0000003130,ID0000000024,ID0000006949,2025-02-06
ID0000003131,ID0000000024,ID0000006950,2025-02-06
ID0000003132,ID0000000024,ID0000006951,2025-02-06
ID0000003133,ID0000000024,ID0000006952,2025-02-06
ID0000003134,ID0000000024,ID0000006953,2025-02-06
ID0000003135,ID0000000024,ID0000006954,2025-02-06
ID0000003136,ID0000000024,ID0000006955,2025-02-06
ID0000003137,ID0000000024,ID0000006956,2025-02-06
ID0000003138,ID0000000024,ID0000006957,2025-02-06
ID0000003139,ID0000000024,ID0000006958,2025-02-06
ID0000003140,ID0000000024,ID0000006959,2025-02-06
ID0000003141,ID0000000024,ID0000006960,2025-02-06
ID0000003142,ID0000000024,ID0000006961,2025-02-06
ID0000003143,ID0000000024,ID0000006962,2025-02-06
ID0000003144,ID0000000024,ID0000006963,2025-02-06
ID0000003145,ID0000000024,ID0000006964,2025-02-06
ID0000003146,ID0000000024,ID0000006965,2025-02-06
ID0000003147,ID0000000024,ID0000006966,2025-02-06
ID0000003148,ID0000000024,ID0000006967,2025-02-06
ID0000003149,ID0000000024,ID0000006968,2025-02-06
ID0000003150,ID0000000024,ID0000006969,2025-02-06
ID0000003151,ID0000000024,ID0000006970,2025-02-06
ID0000003152,ID0000000024,ID0000006971,2025-02-06
ID0000003153,ID0000000024,ID0000006972,2025-02-06
ID0000003154,ID0000000024,ID0000006973,2025-02-06
ID0000003155,ID0000000024,ID0000006974,2025-02-06
ID0000003156,ID0000000024,ID0000006975,2025-02-06
ID0000003157,ID0000000024,ID0000006976,2025-02-06
ID0000003158,ID0000000024,ID0000006977,2025-02-06
ID0000003159,ID0000000024,ID0000006978,2025-02-06
ID0000003160,ID0000000024,ID0000006979,2025-02-06
ID0000003161,ID0000000024,ID0000006980,2025-02-06
ID0000003162,ID0000000024,ID0000006981,2025-02-06
ID0000003163,ID0000000024,ID0000006982,2025-02-06
ID0000003164,ID0000000024,ID0000006983,2025-02-06
ID0000003165,ID0000000024,ID0000006984,2025-02-06
ID0000003166,ID0000000024,ID0000006985,2025-02-06
ID0000003167,ID0000000025,ID0000007239,2025-03-10
ID0000003168,ID0000000025,ID0000007240,2025-03-10
ID0000003169,ID0000000025,ID0000007241,2025-03-10
ID0000003170,ID0000000025,ID0000007242,2025-03-10
ID0000003171,ID0000000025,ID0000007243,2025-03-10
ID0000003172,ID0000000025,ID0000007244,2025-03-10
ID0000003173,ID0000000025,ID0000007245,2025-03-10
ID0000003174,ID0000000025,ID0000007246,2025-03-10
ID0000003175,ID0000000025,ID0000007247,2025-03-10
ID0000003176,ID0000000025,ID0000007248,2025-03-10
ID0000003177,ID0000000025,ID0000007249,2025-03-10
ID0000003178,ID0000000025,ID0000007250,2025-03-10
ID0000003179,ID0000000025,ID0000007251,2025-03-10
ID0000003180,ID0000000025,ID0000007252,2025-03-10
ID0000003181,ID0000000025,ID0000007253,2025-03-10
ID0000003182,ID0000000025,ID0000007254,2025-03-10
ID0000003183,ID0000000025,ID0000007255,2025-03-10
ID0000003184,ID0000000025,ID0000007256,2025-03-10
ID0000003185,ID0000000025,ID0000007257,2025-03-10
ID0000003186,ID0000000025,ID0000007258,2025-03-10
ID0000003187,ID0000000025,ID0000007259,2025-03-10
ID0000003188,ID0000000025,ID0000007260,2025-03-10
ID0000003189,ID0000000025,ID0000007261,2025-03-10
ID0000003190,ID0000000025,ID0000007262,2025-03-10
ID0000003191,ID0000000025,ID0000007263,2025-03-10
ID0000003192,ID0000000025,ID0000007264,2025-03-10
ID0000003193,ID0000000025,ID0000007265,2025-03-10
ID0000003194,ID0000000025,ID0000007266,2025-03-10
ID0000003195,ID0000000025,ID0000007267,2025-03-10
ID0000003196,ID0000000025,ID0000007268,2025-03-10
ID0000003197,ID0000000025,ID0000007269,2025-03-10
ID0000003198,ID0000000025,ID0000007270,2025-03-10
ID0000003199,ID0000000025,ID0000007271,2025-03-10
ID0000003200,ID0000000025,ID0000007272,2025-03-10
ID0000003201,ID0000000025,ID0000007273,2025-03-10
ID0000003202,ID0000000025,ID0000007274,2025-03-10
ID0000003203,ID0000000025,ID0000007275,2025-03-10
ID0000003204,ID0000000025,ID0000007276,2025-03-10
ID0000003205,ID0000000025,ID0000007277,2025-03-10
ID0000003206,ID0000000025,ID0000007278,2025-03-10
ID0000003207,ID0000000025,ID0000007279,2025-03-10
ID0000003208,ID0000000025,ID0000007280,2025-03-10
ID0000003209,ID0000000025,ID0000007281,2025-03-10
ID0000003210,ID0000000025,ID0000007282,2025-03-10
ID0000003211,ID0000000025,ID0000007283,2025-03-10
ID0000003212,ID0000000025,ID0000007284,2025-03-10
ID0000003213,ID0000000025,ID0000007285,2025-03-10
ID0000003214,ID0000000025,ID0000007286,2025-03-10
ID0000003215,ID0000000025,ID0000007287,2025-03-10
ID0000003216,ID0000000025,ID0000007288,2025-03-10
ID0000003217,ID0000000025,ID0000007289,2025-03-10
ID0000003218,ID0000000025,ID0000007290,2025-03-10
ID0000003219,ID0000000025,ID0000007291,2025-03-10
ID0000003220,ID0000000025,ID0000007292,2025-03-10
ID0000003221,ID0000000025,ID0000007293,2025-03-10
ID0000003222,ID0000000025,ID0000007294,2025-03-10
ID0000003223,ID0000000025,ID0000007295,2025-03-10
ID0000003224,ID0000000025,ID0000007296,2025-03-10
ID0000003225,ID0000000025,ID0000007297,2025-03-10
ID0000003226,ID0000000025,ID0000007298,2025-03-10
ID0000003227,ID0000000025,ID0000007299,2025-03-10
ID0000003228,ID0000000025,ID0000007300,2025-03-10
ID0000003229,ID0000000025,ID0000007301,2025-03-10
ID0000003230,ID0000000025,ID0000007302,2025-03-10
ID0000003231,ID0000000025,ID0000007303,2025-03-10
ID0000003232,ID0000000025,ID0000007304,2025-03-10
ID0000003233,ID0000000025,ID0000007305,2025-03-10
ID0000003234,ID0000000025,ID0000007306,2025-03-10
ID0000003235,ID0000000025,ID0000007307,2025-03-10
ID0000003236,ID0000000025,ID0000007308,2025-03-10
ID0000003237,ID0000000025,ID0000007309,2025-03-10
ID0000003238,ID0000000025,ID0000007310,2025-03-10
ID0000003239,ID0000000025,ID0000007311,2025-03-10
ID0000003240,ID0000000025,ID0000007312,2025-03-10
ID0000003241,ID0000000025,ID0000007313,2025-03-10
ID0000003242,ID0000000025,ID0000007314,2025-03-10
ID0000003243,ID0000000025,ID0000007315,2025-03-10
ID0000003244,ID0000000025,ID0000007316,2025-03-10
ID0000003245,ID0000000025,ID0000007317,2025-03-10
ID0000003246,ID0000000025,ID0000007318,2025-03-10
ID0000003247,ID0000000025,ID0000007319,2025-03-10
ID0000003248,ID0000000025,ID0000007320,2025-03-10
ID0000003249,ID0000000025,ID0000007321,2025-03-10
ID0000003250,ID0000000025,ID0000007322,2025-03-10
ID0000003251,ID0000000025,ID0000007323,2025-03-10
ID0000003252,ID0000000025,ID0000007324,2025-03-10
ID0000003253,ID0000000025,ID0000007325,2025-03-10
ID0000003254,ID0000000025,ID0000007326,2025-03-10
ID0000003255,ID0000000025,ID0000007327,2025-03-10
ID0000003256,ID0000000025,ID0000007328,2025-03-10
ID0000003257,ID0000000025,ID0000007329,2025-03-10
ID0000003258,ID0000000025,ID0000007330,2025-03-10
ID0000003259,ID0000000025,ID0000007331,2025-03-10
ID0000003260,ID0000000025,ID0000007332,2025-03-10
ID0000003261,ID0000000025,ID0000007333,2025-03-10
ID0000003262,ID0000000025,ID0000007334,2025-03-10
ID0000003263,ID0000000025,ID0000007335,2025-03-10
ID0000003264,ID0000000025,ID0000007336,2025-03-10
ID0000003265,ID0000000025,ID0000007337,2025-03-10
ID0000003266,ID0000000025,ID0000007338,2025-03-10
ID0000003267,ID0000000025,ID0000007339,2025-03-10
ID0000003268,ID0000000025,ID0000007340,2025-03-10
ID0000003269,ID0000000025,ID0000007341,2025-03-10
ID0000003270,ID0000000025,ID0000007342,2025-03-10
ID0000003271,ID0000000025,ID0000007343,2025-03-10
ID0000003272,ID0000000025,ID0000007344,2025-03-10
ID0000003273,ID0000000025,ID0000007345,2025-03-10
ID0000003274,ID0000000025,ID0000007346,2025-03-10
ID0000003275,ID0000000025,ID0000007347,2025-03-10
ID0000003276,ID0000000025,ID0000007348,2025-03-10
ID0000003277,ID0000000025,ID0000007349,2025-03-10
ID0000003278,ID0000000025,ID0000007350,2025-03-10
ID0000003279,ID0000000025,ID0000007351,2025-03-10
ID0000003280,ID0000000025,ID0000007352,2025-03-10
ID0000003281,ID0000000025,ID0000007353,2025-03-10
ID0000003282,ID0000000025,ID0000007354,2025-03-10
ID0000003283,ID0000000025,ID0000007355,2025-03-10
ID0000003284,ID0000000025,ID0000007356,2025-03-10
ID0000003285,ID0000000025,ID0000007357,2025-03-10
ID0000003286,ID0000000025,ID0000007358,2025-03-10
ID0000003287,ID0000000025,ID0000007359,2025-03-10
ID0000003288,ID0000000025,ID0000007360,2025-03-10
ID0000003289,ID0000000025,ID0000007361,2025-03-10
ID0000003290,ID0000000025,ID0000007362,2025-03-10
ID0000003291,ID0000000025,ID0000007363,2025-03-10
ID0000003292,ID0000000026,ID0000007563,2025-04-07
ID0000003293,ID0000000026,ID0000007564,2025-04-07
ID0000003294,ID0000000026,ID0000007565,2025-04-07
ID0000003295,ID0000000026,ID0000007566,2025-04-07
ID0000003296,ID0000000026,ID0000007567,2025-04-07
ID0000003297,ID0000000026,ID0000007568,2025-04-07
ID0000003298,ID0000000026,ID0000007569,2025-04-07
ID0000003299,ID0000000026,ID0000007570,2025-04-07
ID0000003300,ID0000000026,ID0000007571,2025-04-07
ID0000003301,ID0000000026,ID0000007572,2025-04-07
ID0000003302,ID0000000026,ID0000007573,2025-04-07
ID0000003303,ID0000000026,ID0000007574,2025-04-07
ID0000003304,ID0000000026,ID0000007575,2025-04-07
ID0000003305,ID0000000026,ID0000007576,2025-04-07
ID0000003306,ID0000000026,ID0000007577,2025-04-07
ID0000003307,ID0000000026,ID0000007578,2025-04-07
ID0000003308,ID0000000026,ID0000007579,2025-04-07
ID0000003309,ID0000000026,ID0000007580,2025-04-07
ID0000003310,ID0000000026,ID0000007581,2025-04-07
ID0000003311,ID0000000026,ID0000007582,2025-04-07
ID0000003312,ID0000000026,ID0000007583,2025-04-07
ID0000003313,ID0000000026,ID0000007584,2025-04-07
ID0000003314,ID0000000026,ID0000007585,2025-04-07
ID0000003315,ID0000000026,ID0000007586,2025-04-07
ID0000003316,ID0000000026,ID0000007587,2025-04-07
ID0000003317,ID0000000026,ID0000007588,2025-04-07
ID0000003318,ID0000000026,ID0000007589,2025-04-07
ID0000003319,ID0000000026,ID0000007590,2025-04-07
ID0000003320,ID0000000026,ID0000007591,2025-04-07
ID0000003321,ID0000000026,ID0000007592,2025-04-07
ID0000003322,ID0000000026,ID0000007593,2025-04-07
ID0000003323,ID0000000026,ID0000007594,2025-04-07
ID0000003324,ID0000000026,ID0000007595,2025-04-07
ID0000003325,ID0000000026,ID0000007596,2025-04-07
ID0000003326,ID0000000026,ID0000007597,2025-04-07
ID0000003327,ID0000000026,ID0000007598,2025-04-07
ID0000003328,ID0000000026,ID0000007599,2025-04-07
ID0000003329,ID0000000026,ID0000007600,2025-04-07
ID0000003330,ID0000000026,ID0000007601,2025-04-07
ID0000003331,ID0000000026,ID0000007602,2025-04-07
ID0000003332,ID0000000026,ID0000007603,2025-04-07
ID0000003333,ID0000000026,ID0000007613,2025-04-08
ID0000003334,ID0000000026,ID0000007614,2025-04-08
ID0000003335,ID0000000026,ID0000007615,2025-04-08
ID0000003336,ID0000000026,ID0000007616,2025-04-08
ID0000003337,ID0000000026,ID0000007617,2025-04-08
ID0000003338,ID0000000026,ID0000007618,2025-04-08
ID0000003339,ID0000000026,ID0000007619,2025-04-08
ID0000003340,ID0000000026,ID0000007620,2025-04-08
ID0000003341,ID0000000026,ID0000007621,2025-04-08
ID0000003342,ID0000000026,ID0000007622,2025-04-08
ID0000003343,ID0000000026,ID0000007623,2025-04-08
ID0000003344,ID0000000026,ID0000007624,2025-04-08
ID0000003345,ID0000000026,ID0000007625,2025-04-08
ID0000003346,ID0000000026,ID0000007626,2025-04-08
ID0000003347,ID0000000026,ID0000007627,2025-04-08
ID0000003348,ID0000000026,ID0000007628,2025-04-08
ID0000003349,ID0000000026,ID0000007629,2025-04-08
ID0000003350,ID0000000026,ID0000007630,2025-04-08
ID0000003351,ID0000000026,ID0000007631,2025-04-08
ID0000003352,ID0000000026,ID0000007632,2025-04-08
ID0000003353,ID0000000026,ID0000007633,2025-04-08
ID0000003354,ID0000000026,ID0000007634,2025-04-08
ID0000003355,ID0000000026,ID0000007635,2025-04-08
ID0000003356,ID0000000026,ID0000007636,2025-04-08
ID0000003357,ID0000000026,ID0000007637,2025-04-08
ID0000003358,ID0000000026,ID0000007638,2025-04-08
ID0000003359,ID0000000026,ID0000007639,2025-04-08
ID0000003360,ID0000000026,ID0000007640,2025-04-08
ID0000003361,ID0000000026,ID0000007641,2025-04-08
ID0000003362,ID0000000026,ID0000007642,2025-04-08
ID0000003363,ID0000000026,ID0000007643,2025-04-08
ID0000003364,ID0000000026,ID0000007644,2025-04-08
ID0000003365,ID0000000026,ID0000007645,2025-04-08
ID0000003366,ID0000000026,ID0000007646,2025-04-08
ID0000003367,ID0000000026,ID0000007647,2025-04-08
ID0000003368,ID0000000026,ID0000007648,2025-04-08
ID0000003369,ID0000000026,ID0000007649,2025-04-08
ID0000003370,ID0000000026,ID0000007650,2025-04-08
ID0000003371,ID0000000026,ID0000007651,2025-04-08
ID0000003372,ID0000000026,ID0000007652,2025-04-08
ID0000003373,ID0000000026,ID0000007653,2025-04-08
ID0000003374,ID0000000026,ID0000007654,2025-04-08
ID0000003375,ID0000000026,ID0000007655,2025-04-08
ID0000003376,ID0000000026,ID0000007656,2025-04-08
ID0000003377,ID0000000026,ID0000007657,2025-04-08
ID0000003378,ID0000000026,ID0000007658,2025-04-08
ID0000003379,ID0000000026,ID0000007659,2025-04-08
ID0000003380,ID0000000026,ID0000007660,2025-04-08
ID0000003381,ID0000000026,ID0000007661,2025-04-08
ID0000003382,ID0000000026,ID0000007662,2025-04-08
ID0000003383,ID0000000026,ID0000007663,2025-04-08
ID0000003384,ID0000000026,ID0000007666,2025-04-09
ID0000003385,ID0000000026,ID0000007667,2025-04-09
ID0000003386,ID0000000026,ID0000007668,2025-04-09
ID0000003387,ID0000000026,ID0000007669,2025-04-09
ID0000003388,ID0000000026,ID0000007670,2025-04-09
ID0000003389,ID0000000026,ID0000007671,2025-04-09
ID0000003390,ID0000000026,ID0000007672,2025-04-09
ID0000003391,ID0000000026,ID0000007673,2025-04-09
ID0000003392,ID0000000026,ID0000007674,2025-04-09
ID0000003393,ID0000000026,ID0000007675,2025-04-09
ID0000003394,ID0000000026,ID0000007676,2025-04-09
ID0000003395,ID0000000026,ID0000007677,2025-04-09
ID0000003396,ID0000000026,ID0000007678,2025-04-09
ID0000003397,ID0000000026,ID0000007679,2025-04-09
ID0000003398,ID0000000026,ID0000007680,2025-04-09
ID0000003399,ID0000000026,ID0000007681,2025-04-09
ID0000003400,ID0000000026,ID0000007682,2025-04-09
ID0000003401,ID0000000026,ID0000007692,2025-04-10
ID0000003402,ID0000000026,ID0000007693,2025-04-10
ID0000003403,ID0000000026,ID0000007694,2025-04-10
ID0000003404,ID0000000026,ID0000007695,2025-04-10
ID0000003405,ID0000000026,ID0000007696,2025-04-10
ID0000003406,ID0000000026,ID0000007697,2025-04-10
ID0000003407,ID0000000026,ID0000007698,2025-04-10
ID0000003408,ID0000000026,ID0000007699,2025-04-10
ID0000003409,ID0000000026,ID0000007700,2025-04-10
ID0000003410,ID0000000026,ID0000007701,2025-04-10
ID0000003411,ID0000000026,ID0000007702,2025-04-10
ID0000003412,ID0000000026,ID0000007703,2025-04-10
ID0000003413,ID0000000026,ID0000007704,2025-04-10
ID0000003414,ID0000000026,ID0000007705,2025-04-10
ID0000003415,ID0000000026,ID0000007706,2025-04-10
ID0000003416,ID0000000026,ID0000007707,2025-04-10
ID0000003417,ID0000000026,ID0000007708,2025-04-10
ID0000003418,ID0000000026,ID0000007709,2025-04-10
ID0000003419,ID0000000026,ID0000007710,2025-04-10
ID0000003420,ID0000000026,ID0000007711,2025-04-10
ID0000003421,ID0000000026,ID0000007712,2025-04-10
ID0000003422,ID0000000026,ID0000007713,2025-04-10
ID0000003423,ID0000000026,ID0000007714,2025-04-10
ID0000003424,ID0000000026,ID0000007715,2025-04-10
ID0000003425,ID0000000026,ID0000007716,2025-04-10
ID0000003426,ID0000000026,ID0000007717,2025-04-10
ID0000003427,ID0000000026,ID0000007718,2025-04-10
ID0000003428,ID0000000026,ID0000007719,2025-04-10
ID0000003429,ID0000000026,ID0000007720,2025-04-10
ID0000003430,ID0000000026,ID0000007721,2025-04-10
ID0000003431,ID0000000026,ID0000007722,2025-04-10
ID0000003432,ID0000000026,ID0000007723,2025-04-10
ID0000003433,ID0000000026,ID0000007724,2025-04-10
ID0000003434,ID0000000026,ID0000007725,2025-04-10
ID0000003435,ID0000000026,ID0000007726,2025-04-10
ID0000003436,ID0000000026,ID0000007727,2025-04-10
ID0000003437,ID0000000026,ID0000007728,2025-04-10
ID0000003438,ID0000000026,ID0000007729,2025-04-10
ID0000003439,ID0000000026,ID0000007730,2025-04-10
ID0000003440,ID0000000026,ID0000007731,2025-04-10
ID0000003441,ID0000000027,ID0000007732,2025-04-10
ID0000003442,ID0000000027,ID0000007733,2025-04-10
ID0000003443,ID0000000027,ID0000007734,2025-04-10
ID0000003444,ID0000000027,ID0000007735,2025-04-10
ID0000003445,ID0000000027,ID0000007736,2025-04-10
ID0000003446,ID0000000027,ID0000007737,2025-04-10
ID0000003447,ID0000000027,ID0000007738,2025-04-10
ID0000003448,ID0000000027,ID0000007739,2025-04-10
ID0000003449,ID0000000027,ID0000007740,2025-04-10
ID0000003450,ID0000000027,ID0000007741,2025-04-10
ID0000003451,ID0000000027,ID0000007742,2025-04-10
ID0000003452,ID0000000027,ID0000007743,2025-04-10
ID0000003453,ID0000000027,ID0000007744,2025-04-10
ID0000003454,ID0000000027,ID0000007745,2025-04-10
ID0000003455,ID0000000027,ID0000007746,2025-04-10
ID0000003456,ID0000000027,ID0000007747,2025-04-10
ID0000003457,ID0000000027,ID0000007748,2025-04-10
ID0000003458,ID0000000027,ID0000007749,2025-04-10
ID0000003459,ID0000000027,ID0000007750,2025-04-10
ID0000003460,ID0000000027,ID0000007751,2025-04-10
ID0000003461,ID0000000027,ID0000007752,2025-04-10
ID0000003462,ID0000000027,ID0000007753,2025-04-10
ID0000003463,ID0000000027,ID0000007754,2025-04-10
ID0000003464,ID0000000027,ID0000007755,2025-04-10
ID0000003465,ID0000000027,ID0000007756,2025-04-10
ID0000003466,ID0000000027,ID0000007757,2025-04-10
ID0000003467,ID0000000027,ID0000007758,2025-04-10
ID0000003468,ID0000000027,ID0000007759,2025-04-10
ID0000003469,ID0000000027,ID0000007760,2025-04-10
ID0000003470,ID0000000027,ID0000007761,2025-04-10
ID0000003471,ID0000000027,ID0000007762,2025-04-10
ID0000003472,ID0000000027,ID0000007763,2025-04-10
ID0000003473,ID0000000027,ID0000007764,2025-04-10
ID0000003474,ID0000000027,ID0000007765,2025-04-10
ID0000003475,ID0000000027,ID0000007766,2025-04-10
ID0000003476,ID0000000027,ID0000007767,2025-04-10
ID0000003477,ID0000000027,ID0000007768,2025-04-10
ID0000003478,ID0000000027,ID0000007769,2025-04-10
ID0000003479,ID0000000027,ID0000007770,2025-04-10
ID0000003480,ID0000000027,ID0000007771,2025-04-10
ID0000003481,ID0000000027,ID0000007772,2025-04-10
ID0000003482,ID0000000027,ID0000007773,2025-04-10
ID0000003483,ID0000000027,ID0000007774,2025-04-10
ID0000003484,ID0000000027,ID0000007775,2025-04-10
ID0000003485,ID0000000027,ID0000007776,2025-04-10
ID0000003486,ID0000000027,ID0000007777,2025-04-10
ID0000003487,ID0000000027,ID0000007778,2025-04-10
ID0000003488,ID0000000027,ID0000007779,2025-04-10
ID0000003489,ID0000000027,ID0000007780,2025-04-10
ID0000003490,ID0000000027,ID0000007781,2025-04-10
ID0000003491,ID0000000027,ID0000007782,2025-04-10
ID0000003492,ID0000000027,ID0000007783,2025-04-10
ID0000003493,ID0000000027,ID0000007784,2025-04-10
ID0000003494,ID0000000027,ID0000007785,2025-04-10
ID0000003495,ID0000000027,ID0000007786,2025-04-10
ID0000003496,ID0000000027,ID0000007787,2025-04-10
ID0000003497,ID0000000027,ID0000007788,2025-04-10
ID0000003498,ID0000000027,ID0000007789,2025-04-10
ID0000003499,ID0000000027,ID0000007790,2025-04-10
ID0000003500,ID0000000027,ID0000007791,2025-04-10
ID0000003501,ID0000000027,ID0000007792,2025-04-10
ID0000003502,ID0000000027,ID0000007793,2025-04-10
ID0000003503,ID0000000027,ID0000007794,2025-04-10
ID0000003504,ID0000000027,ID0000007795,2025-04-10
ID0000003505,ID0000000027,ID0000007796,2025-04-10
ID0000003506,ID0000000027,ID0000007797,2025-04-10
ID0000003507,ID0000000027,ID0000007798,2025-04-10
ID0000003508,ID0000000027,ID0000007799,2025-04-10
ID0000003509,ID0000000027,ID0000007800,2025-04-10
ID0000003510,ID0000000027,ID0000007801,2025-04-10
ID0000003511,ID0000000027,ID0000007802,2025-04-10
ID0000003512,ID0000000027,ID0000007803,2025-04-10
ID0000003513,ID0000000027,ID0000007804,2025-04-10
ID0000003514,ID0000000027,ID0000007805,2025-04-10
ID0000003515,ID0000000027,ID0000007806,2025-04-10
ID0000003516,ID0000000027,ID0000007807,2025-04-10
ID0000003517,ID0000000027,ID0000007808,2025-04-10
ID0000003518,ID0000000027,ID0000007809,2025-04-10
ID0000003519,ID0000000027,ID0000007810,2025-04-10
ID0000003520,ID0000000027,ID0000007811,2025-04-10
ID0000003521,ID0000000027,ID0000007812,2025-04-10
ID0000003522,ID0000000027,ID0000007813,2025-04-10
ID0000003523,ID0000000027,ID0000007814,2025-04-10
ID0000003524,ID0000000027,ID0000007815,2025-04-10
ID0000003525,ID0000000027,ID0000007816,2025-04-10
ID0000003526,ID0000000027,ID0000007817,2025-04-10
ID0000003527,ID0000000027,ID0000007818,2025-04-10
ID0000003528,ID0000000027,ID0000007819,2025-04-10
ID0000003529,ID0000000027,ID0000007820,2025-04-10
ID0000003530,ID0000000027,ID0000007821,2025-04-10
ID0000003531,ID0000000027,ID0000007822,2025-04-10
ID0000003532,ID0000000027,ID0000007823,2025-04-10
ID0000003533,ID0000000027,ID0000007824,2025-04-10
ID0000003534,ID0000000027,ID0000007825,2025-04-10
ID0000003535,ID0000000027,ID0000007826,2025-04-10
ID0000003536,ID0000000027,ID0000007827,2025-04-10
ID0000003537,ID0000000027,ID0000007828,2025-04-10
ID0000003538,ID0000000027,ID0000007829,2025-04-10
ID0000003539,ID0000000027,ID0000007830,2025-04-10
ID0000003540,ID0000000027,ID0000007831,2025-04-10
ID0000003541,ID0000000027,ID0000007832,2025-04-10
ID0000003542,ID0000000027,ID0000007833,2025-04-10
ID0000003543,ID0000000027,ID0000007834,2025-04-10
ID0000003544,ID0000000027,ID0000007835,2025-04-10
ID0000003545,ID0000000027,ID0000007836,2025-04-10
ID0000003546,ID0000000027,ID0000007837,2025-04-10
ID0000003547,ID0000000027,ID0000007838,2025-04-10
ID0000003548,ID0000000027,ID0000007839,2025-04-10
ID0000003549,ID0000000027,ID0000007840,2025-04-10
ID0000003550,ID0000000027,ID0000007841,2025-04-10
ID0000003551,ID0000000027,ID0000007842,2025-04-10
ID0000003552,ID0000000027,ID0000007843,2025-04-10
ID0000003553,ID0000000027,ID0000007844,2025-04-10
ID0000003554,ID0000000027,ID0000007845,2025-04-10
ID0000003555,ID0000000027,ID0000007846,2025-04-10
ID0000003556,ID0000000027,ID0000007847,2025-04-10
ID0000003557,ID0000000027,ID0000007848,2025-04-10
ID0000003558,ID0000000027,ID0000007849,2025-04-10
ID0000003559,ID0000000027,ID0000007850,2025-04-10
ID0000003560,ID0000000027,ID0000007851,2025-04-10
ID0000003561,ID0000000027,ID0000007852,2025-04-10
ID0000003562,ID0000000027,ID0000007853,2025-04-10
ID0000003563,ID0000000027,ID0000007854,2025-04-10
ID0000003564,ID0000000027,ID0000007855,2025-04-10
ID0000003565,ID0000000027,ID0000007856,2025-04-10
ID0000003566,ID0000000027,ID0000007857,2025-04-10
ID0000003567,ID0000000027,ID0000007858,2025-04-10
ID0000003568,ID0000000027,ID0000007859,2025-04-10
ID0000003569,ID0000000027,ID0000007860,2025-04-10
ID0000003570,ID0000000027,ID0000007861,2025-04-10
ID0000003571,ID0000000027,ID0000007862,2025-04-10
ID0000003572,ID0000000027,ID0000007863,2025-04-10
ID0000003573,ID0000000027,ID0000007864,2025-04-10
ID0000003574,ID0000000027,ID0000007865,2025-04-10
ID0000003575,ID0000000027,ID0000007866,2025-04-10
ID0000003576,ID0000000027,ID0000007867,2025-04-10
ID0000003577,ID0000000027,ID0000007868,2025-04-10
ID0000003578,ID0000000027,ID0000007869,2025-04-10
ID0000003579,ID0000000027,ID0000007870,2025-04-10
ID0000003580,ID0000000027,ID0000007871,2025-04-10
ID0000003581,ID0000000027,ID0000007872,2025-04-10
ID0000003582,ID0000000027,ID0000007873,2025-04-10
ID0000003583,ID0000000027,ID0000007874,2025-04-10
ID0000003584,ID0000000027,ID0000007875,2025-04-10
ID0000003585,ID0000000027,ID0000007876,2025-04-10
ID0000003586,ID0000000027,ID0000007877,2025-04-10
ID0000003587,ID0000000027,ID0000007878,2025-04-10
ID0000003588,ID0000000027,ID0000007879,2025-04-10
ID0000003589,ID0000000027,ID0000007880,2025-04-10
ID0000003590,ID0000000027,ID0000007881,2025-04-10
ID0000003591,ID0000000027,ID0000007882,2025-04-10
ID0000003592,ID0000000027,ID0000007883,2025-04-10
ID0000003593,ID0000000027,ID0000007884,2025-04-10
ID0000003594,ID0000000027,ID0000007885,2025-04-10
ID0000003595,ID0000000027,ID0000007886,2025-04-10
ID0000003596,ID0000000027,ID0000007887,2025-04-10
ID0000003597,ID0000000027,ID0000007888,2025-04-10
ID0000003598,ID0000000027,ID0000007889,2025-04-10
ID0000003599,ID0000000027,ID0000007890,2025-04-10
ID0000003600,ID0000000027,ID0000007891,2025-04-10
ID0000003601,ID0000000027,ID0000007892,2025-04-10
ID0000003602,ID0000000027,ID0000007893,2025-04-10
ID0000003603,ID0000000027,ID0000007894,2025-04-10
ID0000003604,ID0000000027,ID0000007895,2025-04-10
ID0000003605,ID0000000027,ID0000007896,2025-04-10
ID0000003606,ID0000000027,ID0000007897,2025-04-10
ID0000003607,ID0000000027,ID0000007898,2025-04-10
ID0000003608,ID0000000027,ID0000007899,2025-04-10
ID0000003609,ID0000000027,ID0000007900,2025-04-10
ID0000003610,ID0000000027,ID0000007901,2025-04-10
ID0000003611,ID0000000027,ID0000007902,2025-04-10
ID0000003612,ID0000000027,ID0000007903,2025-04-10
ID0000003613,ID0000000027,ID0000007904,2025-04-10
ID0000003614,ID0000000027,ID0000007905,2025-04-10
ID0000003615,ID0000000027,ID0000007906,2025-04-10
ID0000003616,ID0000000027,ID0000007907,2025-04-10
ID0000003617,ID0000000027,ID0000007908,2025-04-10
ID0000003618,ID0000000027,ID0000007909,2025-04-10
ID0000003619,ID0000000027,ID0000007910,2025-04-10
ID0000003620,ID0000000027,ID0000007911,2025-04-10
ID0000003621,ID0000000027,ID0000007912,2025-04-10
ID0000003622,ID0000000027,ID0000007913,2025-04-10
ID0000003623,ID0000000027,ID0000007914,2025-04-10
ID0000003624,ID0000000027,ID0000007915,2025-04-10
ID0000003625,ID0000000027,ID0000007916,2025-04-10
ID0000003626,ID0000000027,ID0000007917,2025-04-10
ID0000003627,ID0000000027,ID0000007918,2025-04-10
ID0000003628,ID0000000027,ID0000007919,2025-04-10
ID0000003629,ID0000000027,ID0000007920,2025-04-10
ID0000003630,ID0000000027,ID0000007921,2025-04-10
ID0000003631,ID0000000027,ID0000007922,2025-04-10
ID0000003632,ID0000000027,ID0000007923,2025-04-10
ID0000003633,ID0000000027,ID0000007924,2025-04-10
ID0000003634,ID0000000027,ID0000007925,2025-04-10
ID0000003635,ID0000000027,ID0000007926,2025-04-10
ID0000003636,ID0000000027,ID0000007927,2025-04-10
ID0000003637,ID0000000027,ID0000007928,2025-04-10
ID0000003638,ID0000000027,ID0000007929,2025-04-10
ID0000003639,ID0000000027,ID0000007930,2025-04-10
ID0000003640,ID0000000027,ID0000007931,2025-04-10
ID0000003641,ID0000000027,ID0000007932,2025-04-10
ID0000003642,ID0000000027,ID0000007933,2025-04-10
ID0000003643,ID0000000027,ID0000007934,2025-04-10
ID0000003644,ID0000000027,ID0000007935,2025-04-10
ID0000003645,ID0000000027,ID0000007936,2025-04-10
ID0000003646,ID0000000027,ID0000007937,2025-04-10
ID0000003647,ID0000000027,ID0000007938,2025-04-10
ID0000003648,ID0000000027,ID0000007939,2025-04-10
ID0000003649,ID0000000027,ID0000007940,2025-04-10
ID0000003650,ID0000000027,ID0000007941,2025-04-10
ID0000003651,ID0000000027,ID0000007942,2025-04-10
ID0000003652,ID0000000027,ID0000007943,2025-04-10
ID0000003653,ID0000000027,ID0000007944,2025-04-10
ID0000003654,ID0000000027,ID0000007945,2025-04-10
ID0000003655,ID0000000027,ID0000007946,2025-04-10
ID0000003656,ID0000000027,ID0000007947,2025-04-10
ID0000003657,ID0000000027,ID0000007948,2025-04-10
ID0000003658,ID0000000027,ID0000007949,2025-04-10
ID0000003659,ID0000000027,ID0000007950,2025-04-10
ID0000003660,ID0000000027,ID0000007951,2025-04-10
ID0000003661,ID0000000027,ID0000007952,2025-04-10
ID0000003662,ID0000000027,ID0000007953,2025-04-10
ID0000003663,ID0000000027,ID0000007954,2025-04-10
ID0000003664,ID0000000027,ID0000007955,2025-04-10
ID0000003665,ID0000000027,ID0000007956,2025-04-10
ID0000003666,ID0000000027,ID0000007957,2025-04-10
ID0000003667,ID0000000027,ID0000007958,2025-04-10
ID0000003668,ID0000000027,ID0000007959,2025-04-10
ID0000003669,ID0000000027,ID0000007960,2025-04-10
ID0000003670,ID0000000027,ID0000007961,2025-04-10
ID0000003671,ID0000000027,ID0000007962,2025-04-10
ID0000003672,ID0000000027,ID0000007963,2025-04-10
ID0000003673,ID0000000027,ID0000007964,2025-04-10
ID0000003674,ID0000000027,ID0000007965,2025-04-10
ID0000003675,ID0000000027,ID0000007966,2025-04-10
ID0000003676,ID0000000027,ID0000007967,2025-04-10
ID0000003677,ID0000000027,ID0000007968,2025-04-10
ID0000003678,ID0000000027,ID0000007969,2025-04-10
ID0000003679,ID0000000027,ID0000007970,2025-04-10
ID0000003680,ID0000000027,ID0000007971,2025-04-10
ID0000003681,ID0000000027,ID0000007972,2025-04-10
ID0000003682,ID0000000027,ID0000007973,2025-04-10
ID0000003683,ID0000000027,ID0000007974,2025-04-10
ID0000003684,ID0000000027,ID0000007975,2025-04-10
ID0000003685,ID0000000027,ID0000007976,2025-04-10
ID0000003686,ID0000000027,ID0000007977,2025-04-10
ID0000003687,ID0000000027,ID0000007978,2025-04-10
ID0000003688,ID0000000027,ID0000007979,2025-04-10
ID0000003689,ID0000000027,ID0000007980,2025-04-10
ID0000003690,ID0000000027,ID0000007981,2025-04-10
ID0000003691,ID0000000027,ID0000007982,2025-04-10
ID0000003692,ID0000000027,ID0000007983,2025-04-10
ID0000003693,ID0000000027,ID0000007984,2025-04-10
ID0000003694,ID0000000027,ID0000007985,2025-04-10
ID0000003695,ID0000000027,ID0000007986,2025-04-10
ID0000003696,ID0000000027,ID0000007987,2025-04-10
ID0000003697,ID0000000027,ID0000007988,2025-04-10
ID0000003698,ID0000000027,ID0000007989,2025-04-10
ID0000003699,ID0000000027,ID0000007990,2025-04-10
ID0000003700,ID0000000027,ID0000007991,2025-04-10
ID0000003701,ID0000000027,ID0000007992,2025-04-10
ID0000003702,ID0000000027,ID0000007993,2025-04-10
ID0000003703,ID0000000027,ID0000007994,2025-04-10
ID0000003704,ID0000000027,ID0000007995,2025-04-10
ID0000003705,ID0000000027,ID0000007996,2025-04-10
ID0000003706,ID0000000027,ID0000007997,2025-04-10
ID0000003707,ID0000000027,ID0000007998,2025-04-10
ID0000003708,ID0000000027,ID0000007999,2025-04-10
ID0000003709,ID0000000027,ID0000008000,2025-04-10
ID0000003710,ID0000000027,ID0000008001,2025-04-10
ID0000003711,ID0000000027,ID0000008002,2025-04-10
ID0000003712,ID0000000027,ID0000008003,2025-04-10
ID0000003713,ID0000000027,ID0000008004,2025-04-10
ID0000003714,ID0000000027,ID0000008005,2025-04-10
ID0000003715,ID0000000027,ID0000008006,2025-04-10
ID0000003716,ID0000000027,ID0000008007,2025-04-10
ID0000003717,ID0000000027,ID0000008008,2025-04-10
ID0000003718,ID0000000027,ID0000008009,2025-04-10
ID0000003719,ID0000000027,ID0000008010,2025-04-10
ID0000003720,ID0000000027,ID0000008011,2025-04-10
ID0000003721,ID0000000027,ID0000008012,2025-04-10
ID0000003722,ID0000000027,ID0000008013,2025-04-10
ID0000003723,ID0000000027,ID0000008014,2025-04-10
ID0000003724,ID0000000027,ID0000008015,2025-04-10
ID0000003725,ID0000000027,ID0000008016,2025-04-10
ID0000003726,ID0000000027,ID0000008017,2025-04-10
ID0000003727,ID0000000027,ID0000008018,2025-04-10
ID0000003728,ID0000000027,ID0000008019,2025-04-10
ID0000003729,ID0000000027,ID0000008020,2025-04-10
ID0000003730,ID0000000027,ID0000008021,2025-04-10
ID0000003731,ID0000000027,ID0000008022,2025-04-10
ID0000003732,ID0000000027,ID0000008023,2025-04-10
ID0000003733,ID0000000027,ID0000008024,2025-04-10
ID0000003734,ID0000000027,ID0000008025,2025-04-10
ID0000003735,ID0000000027,ID0000008026,2025-04-10
ID0000003736,ID0000000027,ID0000008027,2025-04-10
ID0000003737,ID0000000027,ID0000008028,2025-04-10
ID0000003738,ID0000000027,ID0000008029,2025-04-10
ID0000003739,ID0000000027,ID0000008030,2025-04-10
ID0000003740,ID0000000027,ID0000008031,2025-04-10
ID0000003741,ID0000000027,ID0000008032,2025-04-10
ID0000003742,ID0000000027,ID0000008033,2025-04-10
ID0000003743,ID0000000027,ID0000008034,2025-04-10
ID0000003744,ID0000000027,ID0000008035,2025-04-10
ID0000003745,ID0000000027,ID0000008036,2025-04-10
ID0000003746,ID0000000027,ID0000008037,2025-04-10
ID0000003747,ID0000000027,ID0000008038,2025-04-10
ID0000003748,ID0000000027,ID0000008039,2025-04-10
ID0000003749,ID0000000027,ID0000008040,2025-04-10
ID0000003750,ID0000000027,ID0000008041,2025-04-10
ID0000003751,ID0000000027,ID0000008042,2025-04-10
ID0000003752,ID0000000027,ID0000008043,2025-04-10
ID0000003753,ID0000000027,ID0000008044,2025-04-10
ID0000003754,ID0000000027,ID0000008045,2025-04-10
ID0000003755,ID0000000027,ID0000008046,2025-04-10
ID0000003756,ID0000000027,ID0000008047,2025-04-10
ID0000003757,ID0000000027,ID0000008048,2025-04-10
ID0000003758,ID0000000027,ID0000008049,2025-04-10
ID0000003759,ID0000000027,ID0000008050,2025-04-10
ID0000003760,ID0000000027,ID0000008051,2025-04-10
ID0000003761,ID0000000027,ID0000008052,2025-04-10
ID0000003762,ID0000000027,ID0000008053,2025-04-10
ID0000003763,ID0000000027,ID0000008054,2025-04-10
ID0000003764,ID0000000027,ID0000008055,2025-04-10
ID0000003765,ID0000000027,ID0000008056,2025-04-10
ID0000003766,ID0000000027,ID0000008057,2025-04-10
ID0000003767,ID0000000027,ID0000008058,2025-04-10
ID0000003768,ID0000000027,ID0000008059,2025-04-10
ID0000003769,ID0000000027,ID0000008060,2025-04-10
ID0000003770,ID0000000027,ID0000008061,2025-04-10
ID0000003771,ID0000000027,ID0000008062,2025-04-10
ID0000003772,ID0000000027,ID0000008063,2025-04-10
ID0000003773,ID0000000027,ID0000008064,2025-04-10
ID0000003774,ID0000000027,ID0000008065,2025-04-10
ID0000003775,ID0000000027,ID0000008066,2025-04-10
ID0000003776,ID0000000027,ID0000008067,2025-04-10
ID0000003777,ID0000000027,ID0000008068,2025-04-10
ID0000003778,ID0000000027,ID0000008069,2025-04-10
ID0000003779,ID0000000027,ID0000008070,2025-04-10
ID0000003780,ID0000000027,ID0000008071,2025-04-10
ID0000003781,ID0000000027,ID0000008072,2025-04-10
ID0000003782,ID0000000026,ID0000008086,2025-04-11
ID0000003783,ID0000000026,ID0000008087,2025-04-11
ID0000003784,ID0000000026,ID0000008088,2025-04-11
ID0000003785,ID0000000026,ID0000008089,2025-04-11
ID0000003786,ID0000000026,ID0000008090,2025-04-11
ID0000003787,ID0000000026,ID0000008091,2025-04-11
ID0000003788,ID0000000026,ID0000008092,2025-04-11
ID0000003789,ID0000000026,ID0000008093,2025-04-11
ID0000003790,ID0000000026,ID0000008094,2025-04-11
ID0000003791,ID0000000026,ID0000008095,2025-04-11
ID0000003792,ID0000000026,ID0000008096,2025-04-11
ID0000003793,ID0000000026,ID0000008097,2025-04-11
ID0000003794,ID0000000026,ID0000008098,2025-04-11
ID0000003795,ID0000000026,ID0000008099,2025-04-11
ID0000003796,ID0000000026,ID0000008100,2025-04-11
ID0000003797,ID0000000026,ID0000008101,2025-04-11
ID0000003798,ID0000000026,ID0000008102,2025-04-11
ID0000003799,ID0000000026,ID0000008103,2025-04-11
ID0000003800,ID0000000026,ID0000008104,2025-04-11
ID0000003801,ID0000000026,ID0000008105,2025-04-11
ID0000003802,ID0000000026,ID0000008106,2025-04-11
ID0000003803,ID0000000026,ID0000008107,2025-04-11
ID0000003804,ID0000000026,ID0000008108,2025-04-11
ID0000003805,ID0000000026,ID0000008109,2025-04-11
ID0000003806,ID0000000026,ID0000008110,2025-04-11
ID0000003807,ID0000000026,ID0000008111,2025-04-11
ID0000003808,ID0000000026,ID0000008112,2025-04-11
ID0000003809,ID0000000026,ID0000008113,2025-04-11
ID0000003810,ID0000000026,ID0000008114,2025-04-11
ID0000003811,ID0000000026,ID0000008115,2025-04-11
ID0000003812,ID0000000026,ID0000008116,2025-04-11
ID0000003813,ID0000000026,ID0000008117,2025-04-11
ID0000003814,ID0000000026,ID0000008118,2025-04-11
ID0000003815,ID0000000026,ID0000008119,2025-04-11
ID0000003816,ID0000000026,ID0000008120,2025-04-11
ID0000003817,ID0000000026,ID0000008121,2025-04-11
ID0000003818,ID0000000026,ID0000008122,2025-04-11
ID0000003819,ID0000000026,ID0000008123,2025-04-11
ID0000003820,ID0000000026,ID0000008124,2025-04-11
ID0000003821,ID0000000026,ID0000008125,2025-04-11
ID0000003822,ID0000000026,ID0000008126,2025-04-11
ID0000003823,ID0000000026,ID0000008127,2025-04-11
ID0000003824,ID0000000026,ID0000008128,2025-04-11
ID0000003825,ID0000000026,ID0000008129,2025-04-11
ID0000003826,ID0000000026,ID0000008130,2025-04-11
ID0000003827,ID0000000026,ID0000008131,2025-04-11
ID0000003828,ID0000000026,ID0000008138,2025-04-12
ID0000003829,ID0000000026,ID0000008139,2025-04-12
ID0000003830,ID0000000026,ID0000008140,2025-04-12
ID0000003831,ID0000000026,ID0000008141,2025-04-12
ID0000003832,ID0000000026,ID0000008142,2025-04-12
ID0000003833,ID0000000026,ID0000008143,2025-04-12
ID0000003834,ID0000000026,ID0000008144,2025-04-12
ID0000003835,ID0000000028,ID0000008400,2025-05-13
ID0000003836,ID0000000028,ID0000008401,2025-05-13
ID0000003837,ID0000000028,ID0000008402,2025-05-13
ID0000003838,ID0000000028,ID0000008403,2025-05-13
ID0000003839,ID0000000028,ID0000008404,2025-05-13
ID0000003840,ID0000000028,ID0000008405,2025-05-13
ID0000003841,ID0000000028,ID0000008406,2025-05-13
ID0000003842,ID0000000028,ID0000008407,2025-05-13
ID0000003843,ID0000000028,ID0000008408,2025-05-13
ID0000003844,ID0000000028,ID0000008409,2025-05-13
ID0000003845,ID0000000028,ID0000008410,2025-05-13
ID0000003846,ID0000000028,ID0000008411,2025-05-13
ID0000003847,ID0000000028,ID0000008412,2025-05-13
ID0000003848,ID0000000028,ID0000008413,2025-05-13
ID0000003849,ID0000000028,ID0000008414,2025-05-13
ID0000003850,ID0000000028,ID0000008415,2025-05-13
ID0000003851,ID0000000028,ID0000008416,2025-05-13
ID0000003852,ID0000000028,ID0000008417,2025-05-13
ID0000003853,ID0000000028,ID0000008418,2025-05-13
ID0000003854,ID0000000028,ID0000008419,2025-05-13
ID0000003855,ID0000000028,ID0000008420,2025-05-13
ID0000003856,ID0000000028,ID0000008421,2025-05-13
ID0000003857,ID0000000028,ID0000008422,2025-05-13
ID0000003858,ID0000000028,ID0000008423,2025-05-13
ID0000003859,ID0000000028,ID0000008424,2025-05-13
ID0000003860,ID0000000028,ID0000008425,2025-05-13
ID0000003861,ID0000000028,ID0000008426,2025-05-13
ID0000003862,ID0000000028,ID0000008427,2025-05-13
ID0000003863,ID0000000028,ID0000008428,2025-05-13
ID0000003864,ID0000000028,ID0000008429,2025-05-13
ID0000003865,ID0000000028,ID0000008430,2025-05-13
ID0000003866,ID0000000028,ID0000008431,2025-05-13
ID0000003867,ID0000000028,ID0000008432,2025-05-13
ID0000003868,ID0000000028,ID0000008433,2025-05-13
ID0000003869,ID0000000028,ID0000008434,2025-05-13
ID0000003870,ID0000000028,ID0000008435,2025-05-13
ID0000003871,ID0000000028,ID0000008436,2025-05-13
ID0000003872,ID0000000028,ID0000008437,2025-05-13
ID0000003873,ID0000000028,ID0000008438,2025-05-13
ID0000003874,ID0000000028,ID0000008439,2025-05-13
ID0000003875,ID0000000028,ID0000008440,2025-05-13
ID0000003876,ID0000000028,ID0000008441,2025-05-13
ID0000003877,ID0000000028,ID0000008442,2025-05-13
ID0000003878,ID0000000028,ID0000008443,2025-05-13
ID0000003879,ID0000000028,ID0000008444,2025-05-13
ID0000003880,ID0000000028,ID0000008445,2025-05-13
ID0000003881,ID0000000028,ID0000008446,2025-05-13
ID0000003882,ID0000000028,ID0000008447,2025-05-13
ID0000003883,ID0000000028,ID0000008448,2025-05-13
ID0000003884,ID0000000028,ID0000008449,2025-05-13
ID0000003885,ID0000000028,ID0000008450,2025-05-13
ID0000003886,ID0000000028,ID0000008451,2025-05-13
ID0000003887,ID0000000028,ID0000008452,2025-05-13
ID0000003888,ID0000000028,ID0000008453,2025-05-13
ID0000003889,ID0000000028,ID0000008454,2025-05-13
ID0000003890,ID0000000028,ID0000008455,2025-05-13
ID0000003891,ID0000000028,ID0000008456,2025-05-13
ID0000003892,ID0000000028,ID0000008457,2025-05-13
ID0000003893,ID0000000028,ID0000008458,2025-05-13
ID0000003894,ID0000000028,ID0000008459,2025-05-13
ID0000003895,ID0000000028,ID0000008460,2025-05-13
ID0000003896,ID0000000028,ID0000008461,2025-05-13
ID0000003897,ID0000000028,ID0000008462,2025-05-13
ID0000003898,ID0000000028,ID0000008463,2025-05-13
ID0000003899,ID0000000028,ID0000008464,2025-05-13
ID0000003900,ID0000000028,ID0000008465,2025-05-13
ID0000003901,ID0000000028,ID0000008466,2025-05-13
ID0000003902,ID0000000028,ID0000008467,2025-05-13
ID0000003903,ID0000000028,ID0000008468,2025-05-13
ID0000003904,ID0000000028,ID0000008469,2025-05-13
ID0000003905,ID0000000028,ID0000008470,2025-05-13
ID0000003906,ID0000000028,ID0000008471,2025-05-13
ID0000003907,ID0000000028,ID0000008472,2025-05-13
ID0000003908,ID0000000028,ID0000008473,2025-05-13
ID0000003909,ID0000000028,ID0000008474,2025-05-13
ID0000003910,ID0000000028,ID0000008475,2025-05-13
ID0000003911,ID0000000028,ID0000008476,2025-05-13
ID0000003912,ID0000000028,ID0000008477,2025-05-13
ID0000003913,ID0000000028,ID0000008478,2025-05-13
ID0000003914,ID0000000028,ID0000008479,2025-05-13
ID0000003915,ID0000000028,ID0000008480,2025-05-13
ID0000003916,ID0000000028,ID0000008481,2025-05-13
ID0000003917,ID0000000028,ID0000008482,2025-05-13
ID0000003918,ID0000000028,ID0000008483,2025-05-13
ID0000003919,ID0000000028,ID0000008484,2025-05-13
ID0000003920,ID0000000028,ID0000008485,2025-05-13
ID0000003921,ID0000000028,ID0000008486,2025-05-13
ID0000003922,ID0000000028,ID0000008487,2025-05-13
ID0000003923,ID0000000028,ID0000008488,2025-05-13
ID0000003924,ID0000000028,ID0000008489,2025-05-13
ID0000003925,ID0000000028,ID0000008490,2025-05-13
ID0000003926,ID0000000028,ID0000008491,2025-05-13
ID0000003927,ID0000000028,ID0000008492,2025-05-13
ID0000003928,ID0000000028,ID0000008493,2025-05-13
ID0000003929,ID0000000028,ID0000008494,2025-05-13
ID0000003930,ID0000000028,ID0000008495,2025-05-13
ID0000003931,ID0000000028,ID0000008496,2025-05-13
ID0000003932,ID0000000028,ID0000008497,2025-05-13
ID0000003933,ID0000000028,ID0000008498,2025-05-13
ID0000003934,ID0000000028,ID0000008499,2025-05-13
ID0000003935,ID0000000028,ID0000008500,2025-05-13
ID0000003936,ID0000000028,ID0000008501,2025-05-13
ID0000003937,ID0000000028,ID0000008502,2025-05-13
ID0000003938,ID0000000028,ID0000008503,2025-05-13
ID0000003939,ID0000000028,ID0000008504,2025-05-13
ID0000003940,ID0000000028,ID0000008505,2025-05-13
ID0000003941,ID0000000028,ID0000008506,2025-05-13
ID0000003942,ID0000000028,ID0000008507,2025-05-13
ID0000003943,ID0000000028,ID0000008508,2025-05-13
ID0000003944,ID0000000028,ID0000008509,2025-05-13
ID0000003945,ID0000000028,ID0000008510,2025-05-13
ID0000003946,ID0000000028,ID0000008511,2025-05-13
ID0000003947,ID0000000028,ID0000008512,2025-05-13
ID0000003948,ID0000000028,ID0000008513,2025-05-13
ID0000003949,ID0000000028,ID0000008514,2025-05-13
ID0000003950,ID0000000028,ID0000008515,2025-05-13
ID0000003951,ID0000000028,ID0000008516,2025-05-13
ID0000003952,ID0000000028,ID0000008517,2025-05-13
ID0000003953,ID0000000028,ID0000008518,2025-05-13
ID0000003954,ID0000000028,ID0000008519,2025-05-13
ID0000003955,ID0000000028,ID0000008520,2025-05-13
ID0000003956,ID0000000028,ID0000008521,2025-05-13
ID0000003957,ID0000000028,ID0000008522,2025-05-13
ID0000003958,ID0000000028,ID0000008523,2025-05-13
ID0000003959,ID0000000028,ID0000008524,2025-05-13
ID0000003960,ID0000000028,ID0000008525,2025-05-13
ID0000003961,ID0000000028,ID0000008526,2025-05-13
ID0000003962,ID0000000028,ID0000008527,2025-05-13
ID0000003963,ID0000000028,ID0000008528,2025-05-13
ID0000003964,ID0000000028,ID0000008529,2025-05-13
ID0000003965,ID0000000028,ID0000008530,2025-05-13
ID0000003966,ID0000000028,ID0000008531,2025-05-13
ID0000003967,ID0000000028,ID0000008532,2025-05-13
ID0000003968,ID0000000028,ID0000008533,2025-05-13
ID0000003969,ID0000000028,ID0000008534,2025-05-13
ID0000003970,ID0000000028,ID0000008535,2025-05-13
ID0000003971,ID0000000028,ID0000008536,2025-05-13
ID0000003972,ID0000000028,ID0000008537,2025-05-13
ID0000003973,ID0000000028,ID0000008538,2025-05-13
ID0000003974,ID0000000028,ID0000008539,2025-05-13
ID0000003975,ID0000000028,ID0000008540,2025-05-13
ID0000003976,ID0000000028,ID0000008541,2025-05-13
ID0000003977,ID0000000028,ID0000008542,2025-05-13
ID0000003978,ID0000000028,ID0000008543,2025-05-13
ID0000003979,ID0000000028,ID0000008544,2025-05-13
ID0000003980,ID0000000028,ID0000008545,2025-05-13
ID0000003981,ID0000000028,ID0000008546,2025-05-13
ID0000003982,ID0000000028,ID0000008547,2025-05-13
ID0000003983,ID0000000028,ID0000008548,2025-05-13
ID0000003984,ID0000000028,ID0000008549,2025-05-13
ID0000003985,ID0000000028,ID0000008550,2025-05-13
ID0000003986,ID0000000028,ID0000008551,2025-05-13
ID0000003987,ID0000000028,ID0000008552,2025-05-13
ID0000003988,ID0000000028,ID0000008553,2025-05-13
ID0000003989,ID0000000028,ID0000008554,2025-05-13
ID0000003990,ID0000000028,ID0000008555,2025-05-13
ID0000003991,ID0000000028,ID0000008556,2025-05-13
ID0000003992,ID0000000028,ID0000008557,2025-05-13
ID0000003993,ID0000000028,ID0000008558,2025-05-13
ID0000003994,ID0000000028,ID0000008559,2025-05-13
ID0000003995,ID0000000028,ID0000008560,2025-05-13
ID0000003996,ID0000000028,ID0000008561,2025-05-13
ID0000003997,ID0000000028,ID0000008562,2025-05-13
ID0000003998,ID0000000028,ID0000008563,2025-05-13
ID0000003999,ID0000000028,ID0000008564,2025-05-13
ID0000004000,ID0000000028,ID0000008565,2025-05-13
ID0000004001,ID0000000028,ID0000008566,2025-05-13
ID0000004002,ID0000000028,ID0000008567,2025-05-13
ID0000004003,ID0000000028,ID0000008568,2025-05-13
ID0000004004,ID0000000029,ID0000008652,2025-05-22
ID0000004005,ID0000000029,ID0000008653,2025-05-22
ID0000004006,ID0000000029,ID0000008654,2025-05-22
ID0000004007,ID0000000029,ID0000008655,2025-05-22
ID0000004008,ID0000000029,ID0000008656,2025-05-22
ID0000004009,ID0000000029,ID0000008657,2025-05-22
ID0000004010,ID0000000029,ID0000008658,2025-05-22
ID0000004011,ID0000000029,ID0000008659,2025-05-22
ID0000004012,ID0000000029,ID0000008660,2025-05-22
ID0000004013,ID0000000029,ID0000008661,2025-05-22
ID0000004014,ID0000000029,ID0000008662,2025-05-22
ID0000004015,ID0000000029,ID0000008663,2025-05-22
ID0000004016,ID0000000029,ID0000008664,2025-05-22
ID0000004017,ID0000000029,ID0000008665,2025-05-22
ID0000004018,ID0000000029,ID0000008666,2025-05-22
ID0000004019,ID0000000029,ID0000008667,2025-05-22
ID0000004020,ID0000000029,ID0000008668,2025-05-22
ID0000004021,ID0000000029,ID0000008669,2025-05-22
ID0000004022,ID0000000029,ID0000008670,2025-05-22
ID0000004023,ID0000000029,ID0000008671,2025-05-22
ID0000004024,ID0000000029,ID0000008672,2025-05-22
ID0000004025,ID0000000029,ID0000008673,2025-05-22
ID0000004026,ID0000000029,ID0000008674,2025-05-22
ID0000004027,ID0000000029,ID0000008675,2025-05-22
ID0000004028,ID0000000029,ID0000008676,2025-05-22
ID0000004029,ID0000000029,ID0000008677,2025-05-22
ID0000004030,ID0000000029,ID0000008678,2025-05-22
ID0000004031,ID0000000029,ID0000008679,2025-05-22
ID0000004032,ID0000000029,ID0000008680,2025-05-22
ID0000004033,ID0000000029,ID0000008681,2025-05-22
ID0000004034,ID0000000029,ID0000008685,2025-05-23
ID0000004035,ID0000000029,ID0000008686,2025-05-23
ID0000004036,ID0000000029,ID0000008687,2025-05-23
ID0000004037,ID0000000029,ID0000008688,2025-05-23
ID0000004038,ID0000000029,ID0000008689,2025-05-23
ID0000004039,ID0000000029,ID0000008690,2025-05-23
ID0000004040,ID0000000029,ID0000008691,2025-05-23
ID0000004041,ID0000000029,ID0000008692,2025-05-23
ID0000004042,ID0000000029,ID0000008693,2025-05-23
ID0000004043,ID0000000029,ID0000008694,2025-05-23
ID0000004044,ID0000000029,ID0000008695,2025-05-23
ID0000004045,ID0000000029,ID0000008696,2025-05-23
ID0000004046,ID0000000029,ID0000008697,2025-05-23
ID0000004047,ID0000000029,ID0000008698,2025-05-23
ID0000004048,ID0000000029,ID0000008699,2025-05-23
ID0000004049,ID0000000029,ID0000008700,2025-05-23
ID0000004050,ID0000000029,ID0000008701,2025-05-23
ID0000004051,ID0000000029,ID0000008702,2025-05-23
ID0000004052,ID0000000029,ID0000008703,2025-05-23
ID0000004053,ID0000000029,ID0000008704,2025-05-23
ID0000004054,ID0000000029,ID0000008705,2025-05-23
ID0000004055,ID0000000029,ID0000008706,2025-05-23
ID0000004056,ID0000000029,ID0000008707,2025-05-23
ID0000004057,ID0000000029,ID0000008708,2025-05-23
ID0000004058,ID0000000029,ID0000008709,2025-05-23
ID0000004059,ID0000000029,ID0000008710,2025-05-23
ID0000004060,ID0000000029,ID0000008711,2025-05-23
ID0000004061,ID0000000029,ID0000008712,2025-05-23
ID0000004062,ID0000000029,ID0000008713,2025-05-23
ID0000004063,ID0000000029,ID0000008714,2025-05-23
ID0000004064,ID0000000029,ID0000008715,2025-05-23
ID0000004065,ID0000000029,ID0000008716,2025-05-23
ID0000004066,ID0000000029,ID0000008717,2025-05-23
ID0000004067,ID0000000029,ID0000008718,2025-05-23
ID0000004068,ID0000000029,ID0000008719,2025-05-23
ID0000004069,ID0000000029,ID0000008720,2025-05-23
ID0000004070,ID0000000029,ID0000008723,2025-05-24
ID0000004071,ID0000000029,ID0000008724,2025-05-24
ID0000004072,ID0000000029,ID0000008725,2025-05-24
ID0000004073,ID0000000029,ID0000008726,2025-05-24
ID0000004074,ID0000000029,ID0000008727,2025-05-24
ID0000004075,ID0000000029,ID0000008733,2025-05-25
ID0000004076,ID0000000029,ID0000008734,2025-05-25
ID0000004077,ID0000000029,ID0000008735,2025-05-25
ID0000004078,ID0000000029,ID0000008736,2025-05-25
ID0000004079,ID0000000029,ID0000008737,2025-05-25
ID0000004080,ID0000000029,ID0000008743,2025-05-26
ID0000004081,ID0000000029,ID0000008744,2025-05-26
ID0000004082,ID0000000029,ID0000008745,2025-05-26
ID0000004083,ID0000000029,ID0000008746,2025-05-26
ID0000004084,ID0000000029,ID0000008747,2025-05-26
ID0000004085,ID0000000029,ID0000008748,2025-05-26
ID0000004086,ID0000000029,ID0000008749,2025-05-26
ID0000004087,ID0000000029,ID0000008750,2025-05-26
ID0000004088,ID0000000029,ID0000008751,2025-05-26
ID0000004089,ID0000000029,ID0000008752,2025-05-26
ID0000004090,ID0000000029,ID0000008753,2025-05-26
ID0000004091,ID0000000029,ID0000008754,2025-05-26
ID0000004092,ID0000000029,ID0000008755,2025-05-26
ID0000004093,ID0000000029,ID0000008756,2025-05-26
ID0000004094,ID0000000029,ID0000008757,2025-05-26
ID0000004095,ID0000000029,ID0000008758,2025-05-26
ID0000004096,ID0000000029,ID0000008759,2025-05-26
ID0000004097,ID0000000029,ID0000008760,2025-05-26
ID0000004098,ID0000000029,ID0000008761,2025-05-26
ID0000004099,ID0000000029,ID0000008762,2025-05-26
ID0000004100,ID0000000029,ID0000008763,2025-05-26
ID0000004101,ID0000000029,ID0000008764,2025-05-26
ID0000004102,ID0000000029,ID0000008765,2025-05-26
ID0000004103,ID0000000029,ID0000008766,2025-05-26
ID0000004104,ID0000000029,ID0000008767,2025-05-26
ID0000004105,ID0000000029,ID0000008768,2025-05-26
ID0000004106,ID0000000029,ID0000008769,2025-05-26
ID0000004107,ID0000000029,ID0000008770,2025-05-26
ID0000004108,ID0000000029,ID0000008792,2025-05-27
ID0000004109,ID0000000029,ID0000008793,2025-05-27
ID0000004110,ID0000000029,ID0000008794,2025-05-27
ID0000004111,ID0000000029,ID0000008795,2025-05-27
ID0000004112,ID0000000029,ID0000008796,2025-05-27
ID0000004113,ID0000000029,ID0000008797,2025-05-27
ID0000004114,ID0000000029,ID0000008798,2025-05-27
ID0000004115,ID0000000029,ID0000008799,2025-05-27
ID0000004116,ID0000000029,ID0000008800,2025-05-27
ID0000004117,ID0000000029,ID0000008801,2025-05-27
ID0000004118,ID0000000029,ID0000008802,2025-05-27
ID0000004119,ID0000000029,ID0000008803,2025-05-27
ID0000004120,ID0000000029,ID0000008804,2025-05-27
ID0000004121,ID0000000029,ID0000008805,2025-05-27
ID0000004122,ID0000000029,ID0000008806,2025-05-27
ID0000004123,ID0000000029,ID0000008807,2025-05-27
ID0000004124,ID0000000029,ID0000008808,2025-05-27
ID0000004125,ID0000000029,ID0000008809,2025-05-27
ID0000004126,ID0000000029,ID0000008810,2025-05-27
ID0000004127,ID0000000029,ID0000008811,2025-05-27
ID0000004128,ID0000000029,ID0000008812,2025-05-27
ID0000004129,ID0000000029,ID0000008813,2025-05-27
ID0000004130,ID0000000029,ID0000008814,2025-05-27
ID0000004131,ID0000000029,ID0000008815,2025-05-27
ID0000004132,ID0000000029,ID0000008816,2025-05-27
ID0000004133,ID0000000029,ID0000008817,2025-05-27
ID0000004134,ID0000000029,ID0000008818,2025-05-27
ID0000004135,ID0000000029,ID0000008819,2025-05-27
ID0000004136,ID0000000029,ID0000008820,2025-05-27
ID0000004137,ID0000000029,ID0000008821,2025-05-27
ID0000004138,ID0000000029,ID0000008822,2025-05-27
ID0000004139,ID0000000029,ID0000008823,2025-05-27
ID0000004140,ID0000000029,ID0000008824,2025-05-27
ID0000004141,ID0000000029,ID0000008825,2025-05-27
ID0000004142,ID0000000029,ID0000008826,2025-05-27
ID0000004143,ID0000000029,ID0000008827,2025-05-27
ID0000004144,ID0000000029,ID0000008828,2025-05-27
ID0000004145,ID0000000029,ID0000008829,2025-05-27
ID0000004146,ID0000000029,ID0000008830,2025-05-27
ID0000004147,ID0000000030,ID0000008950,2025-06-13
ID0000004148,ID0000000030,ID0000008951,2025-06-13
ID0000004149,ID0000000030,ID0000008952,2025-06-13
ID0000004150,ID0000000030,ID0000008953,2025-06-13
ID0000004151,ID0000000030,ID0000008954,2025-06-13
ID0000004152,ID0000000030,ID0000008955,2025-06-13
ID0000004153,ID0000000030,ID0000008956,2025-06-13
ID0000004154,ID0000000030,ID0000008957,2025-06-13
ID0000004155,ID0000000030,ID0000008958,2025-06-13
ID0000004156,ID0000000030,ID0000008959,2025-06-13
ID0000004157,ID0000000030,ID0000008960,2025-06-13
ID0000004158,ID0000000030,ID0000008961,2025-06-13
ID0000004159,ID0000000030,ID0000008962,2025-06-13
ID0000004160,ID0000000030,ID0000008963,2025-06-13
ID0000004161,ID0000000030,ID0000008964,2025-06-13
ID0000004162,ID0000000030,ID0000008965,2025-06-13
ID0000004163,ID0000000030,ID0000008966,2025-06-13
ID0000004164,ID0000000030,ID0000008967,2025-06-13
ID0000004165,ID0000000030,ID0000008968,2025-06-13
ID0000004166,ID0000000030,ID0000008969,2025-06-13
ID0000004167,ID0000000030,ID0000008970,2025-06-13
ID0000004168,ID0000000030,ID0000008971,2025-06-13
ID0000004169,ID0000000030,ID0000008972,2025-06-13
ID0000004170,ID0000000030,ID0000008973,2025-06-13
ID0000004171,ID0000000030,ID0000008974,2025-06-13
ID0000004172,ID0000000030,ID0000008975,2025-06-13
ID0000004173,ID0000000030,ID0000008976,2025-06-13
ID0000004174,ID0000000030,ID0000008977,2025-06-13
ID0000004175,ID0000000030,ID0000008978,2025-06-13
ID0000004176,ID0000000030,ID0000008979,2025-06-13
ID0000004177,ID0000000030,ID0000008980,2025-06-13
ID0000004178,ID0000000030,ID0000008981,2025-06-13
ID0000004179,ID0000000030,ID0000008982,2025-06-13
ID0000004180,ID0000000030,ID0000008983,2025-06-13
ID0000004181,ID0000000030,ID0000008984,2025-06-13
ID0000004182,ID0000000030,ID0000008985,2025-06-13
ID0000004183,ID0000000030,ID0000008986,2025-06-13
ID0000004184,ID0000000030,ID0000008987,2025-06-13
ID0000004185,ID0000000030,ID0000008988,2025-06-13
ID0000004186,ID0000000030,ID0000008989,2025-06-13
ID0000004187,ID0000000030,ID0000008990,2025-06-13
ID0000004188,ID0000000030,ID0000008991,2025-06-13
ID0000004189,ID0000000030,ID0000008992,2025-06-13
ID0000004190,ID0000000031,ID0000009118,2025-06-26
ID0000004191,ID0000000031,ID0000009119,2025-06-26
ID0000004192,ID0000000031,ID0000009120,2025-06-26
ID0000004193,ID0000000031,ID0000009121,2025-06-26
ID0000004194,ID0000000031,ID0000009122,2025-06-26
ID0000004195,ID0000000031,ID0000009123,2025-06-26
ID0000004196,ID0000000031,ID0000009124,2025-06-26
ID0000004197,ID0000000031,ID0000009125,2025-06-26
ID0000004198,ID0000000031,ID0000009126,2025-06-26
ID0000004199,ID0000000031,ID0000009127,2025-06-26
ID0000004200,ID0000000031,ID0000009128,2025-06-26
ID0000004201,ID0000000031,ID0000009129,2025-06-26
ID0000004202,ID0000000031,ID0000009130,2025-06-26
ID0000004203,ID0000000031,ID0000009131,2025-06-26
ID0000004204,ID0000000031,ID0000009132,2025-06-26
ID0000004205,ID0000000031,ID0000009133,2025-06-26
ID0000004206,ID0000000031,ID0000009134,2025-06-26
ID0000004207,ID0000000031,ID0000009135,2025-06-26
ID0000004208,ID0000000031,ID0000009136,2025-06-26
ID0000004209,ID0000000031,ID0000009137,2025-06-26
ID0000004210,ID0000000031,ID0000009138,2025-06-26
ID0000004211,ID0000000031,ID0000009139,2025-06-26
ID0000004212,ID0000000031,ID0000009156,2025-06-27
ID0000004213,ID0000000031,ID0000009157,2025-06-27
ID0000004214,ID0000000031,ID0000009158,2025-06-27
ID0000004215,ID0000000031,ID0000009159,2025-06-27
ID0000004216,ID0000000031,ID0000009160,2025-06-27
ID0000004217,ID0000000031,ID0000009161,2025-06-27
ID0000004218,ID0000000031,ID0000009162,2025-06-27
ID0000004219,ID0000000031,ID0000009163,2025-06-27
ID0000004220,ID0000000031,ID0000009164,2025-06-27
ID0000004221,ID0000000031,ID0000009165,2025-06-27
ID0000004222,ID0000000031,ID0000009166,2025-06-27
ID0000004223,ID0000000031,ID0000009167,2025-06-27
ID0000004224,ID0000000031,ID0000009168,2025-06-27
ID0000004225,ID0000000031,ID0000009169,2025-06-27
ID0000004226,ID0000000031,ID0000009170,2025-06-27
ID0000004227,ID0000000031,ID0000009171,2025-06-27
ID0000004228,ID0000000031,ID0000009172,2025-06-27
ID0000004229,ID0000000031,ID0000009173,2025-06-27
ID0000004230,ID0000000031,ID0000009174,2025-06-27
ID0000004231,ID0000000031,ID0000009175,2025-06-27
ID0000004232,ID0000000031,ID0000009176,2025-06-27
ID0000004233,ID0000000031,ID0000009177,2025-06-27
ID0000004234,ID0000000031,ID0000009178,2025-06-27
ID0000004235,ID0000000031,ID0000009179,2025-06-27
ID0000004236,ID0000000031,ID0000009180,2025-06-28
ID0000004237,ID0000000031,ID0000009181,2025-06-28
ID0000004238,ID0000000031,ID0000009182,2025-06-28
ID0000004239,ID0000000031,ID0000009183,2025-06-28
ID0000004240,ID0000000031,ID0000009184,2025-06-28
ID0000004241,ID0000000031,ID0000009187,2025-06-29
ID0000004242,ID0000000031,ID0000009188,2025-06-29
ID0000004243,ID0000000031,ID0000009189,2025-06-29
ID0000004244,ID0000000031,ID0000009190,2025-06-29
ID0000004245,ID0000000031,ID0000009209,2025-06-30
ID0000004246,ID0000000031,ID0000009210,2025-06-30
ID0000004247,ID0000000031,ID0000009211,2025-06-30
ID0000004248,ID0000000031,ID0000009212,2025-06-30
ID0000004249,ID0000000031,ID0000009213,2025-06-30
ID0000004250,ID0000000031,ID0000009214,2025-06-30
ID0000004251,ID0000000031,ID0000009215,2025-06-30
ID0000004252,ID0000000031,ID0000009216,2025-06-30
ID0000004253,ID0000000031,ID0000009217,2025-06-30
ID0000004254,ID0000000031,ID0000009218,2025-06-30
ID0000004255,ID0000000031,ID0000009219,2025-06-30
ID0000004256,ID0000000031,ID0000009220,2025-06-30
ID0000004257,ID0000000031,ID0000009221,2025-06-30
ID0000004258,ID0000000031,ID0000009222,2025-06-30
ID0000004259,ID0000000031,ID0000009223,2025-06-30
ID0000004260,ID0000000031,ID0000009224,2025-06-30
ID0000004261,ID0000000031,ID0000009225,2025-06-30
ID0000004262,ID0000000031,ID0000009226,2025-06-30
ID0000004263,ID0000000031,ID0000009227,2025-06-30
ID0000004264,ID0000000031,ID0000009228,2025-06-30
ID0000004265,ID0000000031,ID0000009229,2025-06-30
ID0000004266,ID0000000031,ID0000009230,2025-06-30
ID0000004267,ID0000000031,ID0000009231,2025-06-30
ID0000004268,ID0000000031,ID0000009232,2025-06-30
ID0000004269,ID0000000031,ID0000009233,2025-06-30
ID0000004270,ID0000000031,ID0000009234,2025-06-30
ID0000004271,ID0000000031,ID0000009235,2025-06-30
ID0000004272,ID0000000031,ID0000009236,2025-06-30
ID0000004273,ID0000000031,ID0000009237,2025-06-30
ID0000004274,ID0000000031,ID0000009238,2025-06-30
ID0000004275,ID0000000031,ID0000009239,2025-06-30
ID0000004276,ID0000000031,ID0000009240,2025-06-30
ID0000004277,ID0000000031,ID0000009241,2025-06-30
ID0000004278,ID0000000031,ID0000009242,2025-06-30
ID0000004279,ID0000000031,ID0000009251,2025-07-01
ID0000004280,ID0000000031,ID0000009252,2025-07-01
ID0000004281,ID0000000031,ID0000009253,2025-07-01
ID0000004282,ID0000000031,ID0000009254,2025-07-01
ID0000004283,ID0000000031,ID0000009255,2025-07-01
ID0000004284,ID0000000031,ID0000009256,2025-07-01
ID0000004285,ID0000000031,ID0000009257,2025-07-01
ID0000004286,ID0000000031,ID0000009258,2025-07-01
ID0000004287,ID0000000031,ID0000009259,2025-07-01
ID0000004288,ID0000000031,ID0000009260,2025-07-01
ID0000004289,ID0000000031,ID0000009261,2025-07-01
ID0000004290,ID0000000031,ID0000009262,2025-07-01
ID0000004291,ID0000000031,ID0000009263,2025-07-01
ID0000004292,ID0000000031,ID0000009264,2025-07-01
ID0000004293,ID0000000031,ID0000009265,2025-07-01
ID0000004294,ID0000000031,ID0000009266,2025-07-01
ID0000004295,ID0000000031,ID0000009267,2025-07-01
ID0000004296,ID0000000031,ID0000009268,2025-07-01
ID0000004297,ID0000000031,ID0000009269,2025-07-01
ID0000004298,ID0000000031,ID0000009270,2025-07-01
ID0000004299,ID0000000031,ID0000009271,2025-07-01
ID0000004300,ID0000000031,ID0000009272,2025-07-01
ID0000004301,ID0000000031,ID0000009273,2025-07-01
ID0000004302,ID0000000031,ID0000009274,2025-07-01
ID0000004303,ID0000000031,ID0000009275,2025-07-01
ID0000004304,ID0000000031,ID0000009276,2025-07-01
ID0000004305,ID0000000031,ID0000009277,2025-07-01
ID0000004306,ID0000000031,ID0000009278,2025-07-01
ID0000004307,ID0000000031,ID0000009279,2025-07-01
ID0000004308,ID0000000031,ID0000009280,2025-07-01
ID0000004309,ID0000000031,ID0000009281,2025-07-01
ID0000004310,ID0000000031,ID0000009282,2025-07-01
ID0000004311,ID0000000031,ID0000009283,2025-07-01
ID0000004312,ID0000000031,ID0000009284,2025-07-01
ID0000004313,ID0000000031,ID0000009285,2025-07-01
ID0000004314,ID0000000031,ID0000009286,2025-07-01
ID0000004315,ID0000000031,ID0000009287,2025-07-01
ID0000004316,ID0000000031,ID0000009288,2025-07-01
ID0000004317,ID0000000031,ID0000009289,2025-07-01
ID0000004318,ID0000000031,ID0000009290,2025-07-01
ID0000004319,ID0000000031,ID0000009291,2025-07-01
ID0000004320,ID0000000031,ID0000009292,2025-07-01
ID0000004321,ID0000000031,ID0000009293,2025-07-01
ID0000004322,ID0000000031,ID0000009294,2025-07-01
ID0000004323,ID0000000031,ID0000009295,2025-07-01
ID0000004324,ID0000000031,ID0000009296,2025-07-01
ID0000004325,ID0000000032,ID0000009457,2025-07-15
ID0000004326,ID0000000032,ID0000009458,2025-07-15
ID0000004327,ID0000000032,ID0000009459,2025-07-15
ID0000004328,ID0000000032,ID0000009460,2025-07-15
ID0000004329,ID0000000032,ID0000009461,2025-07-15
ID0000004330,ID0000000032,ID0000009462,2025-07-15
ID0000004331,ID0000000032,ID0000009463,2025-07-15
ID0000004332,ID0000000032,ID0000009464,2025-07-15
ID0000004333,ID0000000032,ID0000009465,2025-07-15
ID0000004334,ID0000000032,ID0000009466,2025-07-15
ID0000004335,ID0000000032,ID0000009467,2025-07-15
ID0000004336,ID0000000032,ID0000009468,2025-07-15
ID0000004337,ID0000000032,ID0000009469,2025-07-15
ID0000004338,ID0000000032,ID0000009470,2025-07-15
ID0000004339,ID0000000032,ID0000009471,2025-07-15
ID0000004340,ID0000000032,ID0000009472,2025-07-15
ID0000004341,ID0000000032,ID0000009473,2025-07-15
ID0000004342,ID0000000032,ID0000009474,2025-07-15
ID0000004343,ID0000000032,ID0000009475,2025-07-15
ID0000004344,ID0000000032,ID0000009476,2025-07-15
ID0000004345,ID0000000032,ID0000009477,2025-07-15
ID0000004346,ID0000000032,ID0000009478,2025-07-15
ID0000004347,ID0000000032,ID0000009479,2025-07-15
ID0000004348,ID0000000032,ID0000009480,2025-07-15
ID0000004349,ID0000000032,ID0000009481,2025-07-15
ID0000004350,ID0000000032,ID0000009482,2025-07-15
ID0000004351,ID0000000032,ID0000009483,2025-07-15
ID0000004352,ID0000000032,ID0000009484,2025-07-15
ID0000004353,ID0000000032,ID0000009485,2025-07-15
ID0000004354,ID0000000032,ID0000009486,2025-07-15
ID0000004355,ID0000000032,ID0000009487,2025-07-15
ID0000004356,ID0000000032,ID0000009488,2025-07-15
ID0000004357,ID0000000032,ID0000009489,2025-07-15
ID0000004358,ID0000000032,ID0000009490,2025-07-15
ID0000004359,ID0000000032,ID0000009491,2025-07-15
ID0000004360,ID0000000032,ID0000009492,2025-07-15
ID0000004361,ID0000000032,ID0000009493,2025-07-15
ID0000004362,ID0000000032,ID0000009494,2025-07-15
ID0000004363,ID0000000032,ID0000009495,2025-07-15
ID0000004364,ID0000000032,ID0000009496,2025-07-15
ID0000004365,ID0000000032,ID0000009497,2025-07-15
ID0000004366,ID0000000032,ID0000009498,2025-07-15
ID0000004367,ID0000000032,ID0000009499,2025-07-15
ID0000004368,ID0000000032,ID0000009500,2025-07-15
ID0000004369,ID0000000032,ID0000009501,2025-07-15
ID0000004370,ID0000000032,ID0000009502,2025-07-15
ID0000004371,ID0000000032,ID0000009503,2025-07-15
ID0000004372,ID0000000032,ID0000009504,2025-07-15
ID0000004373,ID0000000032,ID0000009505,2025-07-15
ID0000004374,ID0000000032,ID0000009506,2025-07-15
ID0000004375,ID0000000032,ID0000009507,2025-07-15
ID0000004376,ID0000000032,ID0000009508,2025-07-15
ID0000004377,ID0000000032,ID0000009509,2025-07-15
ID0000004378,ID0000000032,ID0000009510,2025-07-15
ID0000004379,ID0000000032,ID0000009511,2025-07-15
ID0000004380,ID0000000032,ID0000009512,2025-07-15
ID0000004381,ID0000000032,ID0000009513,2025-07-15
ID0000004382,ID0000000032,ID0000009514,2025-07-15
ID0000004383,ID0000000032,ID0000009515,2025-07-15
ID0000004384,ID0000000032,ID0000009516,2025-07-15
ID0000004385,ID0000000032,ID0000009517,2025-07-15
ID0000004386,ID0000000032,ID0000009518,2025-07-15
ID0000004387,ID0000000032,ID0000009519,2025-07-15
ID0000004388,ID0000000032,ID0000009520,2025-07-15
ID0000004389,ID0000000032,ID0000009521,2025-07-15
ID0000004390,ID0000000032,ID0000009522,2025-07-15
ID0000004391,ID0000000032,ID0000009523,2025-07-15
ID0000004392,ID0000000032,ID0000009524,2025-07-15
ID0000004393,ID0000000032,ID0000009525,2025-07-15
ID0000004394,ID0000000032,ID0000009526,2025-07-15
ID0000004395,ID0000000032,ID0000009527,2025-07-15
ID0000004396,ID0000000032,ID0000009528,2025-07-15
ID0000004397,ID0000000032,ID0000009529,2025-07-15
ID0000004398,ID0000000032,ID0000009530,2025-07-15
ID0000004399,ID0000000032,ID0000009531,2025-07-15
ID0000004400,ID0000000032,ID0000009532,2025-07-15
ID0000004401,ID0000000032,ID0000009533,2025-07-15
ID0000004402,ID0000000032,ID0000009534,2025-07-15
ID0000004403,ID0000000032,ID0000009535,2025-07-15
ID0000004404,ID0000000032,ID0000009536,2025-07-15
ID0000004405,ID0000000032,ID0000009537,2025-07-15
ID0000004406,ID0000000032,ID0000009538,2025-07-15
ID0000004407,ID0000000033,ID0000009883,2025-08-15
ID0000004408,ID0000000033,ID0000009884,2025-08-15
ID0000004409,ID0000000033,ID0000009885,2025-08-15
ID0000004410,ID0000000033,ID0000009886,2025-08-15
ID0000004411,ID0000000033,ID0000009887,2025-08-15
ID0000004412,ID0000000033,ID0000009888,2025-08-15
ID0000004413,ID0000000033,ID0000009889,2025-08-15
ID0000004414,ID0000000033,ID0000009890,2025-08-15
ID0000004415,ID0000000033,ID0000009891,2025-08-15
ID0000004416,ID0000000033,ID0000009892,2025-08-15
ID0000004417,ID0000000033,ID0000009893,2025-08-15
ID0000004418,ID0000000033,ID0000009894,2025-08-15
ID0000004419,ID0000000033,ID0000009895,2025-08-15
ID0000004420,ID0000000033,ID0000009896,2025-08-15
ID0000004421,ID0000000033,ID0000009897,2025-08-15
ID0000004422,ID0000000033,ID0000009898,2025-08-15
ID0000004423,ID0000000033,ID0000009899,2025-08-15
ID0000004424,ID0000000033,ID0000009900,2025-08-15
ID0000004425,ID0000000033,ID0000009901,2025-08-15
ID0000004426,ID0000000033,ID0000009902,2025-08-15
ID0000004427,ID0000000033,ID0000009903,2025-08-15
ID0000004428,ID0000000033,ID0000009904,2025-08-15
ID0000004429,ID0000000033,ID0000009905,2025-08-15
ID0000004430,ID0000000033,ID0000009906,2025-08-15
ID0000004431,ID0000000033,ID0000009907,2025-08-15
ID0000004432,ID0000000033,ID0000009908,2025-08-15
ID0000004433,ID0000000033,ID0000009909,2025-08-15
ID0000004434,ID0000000033,ID0000009910,2025-08-15
ID0000004435,ID0000000033,ID0000009911,2025-08-15
ID0000004436,ID0000000033,ID0000009912,2025-08-15
ID0000004437,ID0000000033,ID0000009913,2025-08-15
ID0000004438,ID0000000033,ID0000009914,2025-08-15
ID0000004439,ID0000000033,ID0000009915,2025-08-15
ID0000004440,ID0000000033,ID0000009916,2025-08-15
ID0000004441,ID0000000033,ID0000009917,2025-08-15
ID0000004442,ID0000000033,ID0000009918,2025-08-15
ID0000004443,ID0000000033,ID0000009919,2025-08-15
ID0000004444,ID0000000033,ID0000009920,2025-08-15
ID0000004445,ID0000000033,ID0000009921,2025-08-15
ID0000004446,ID0000000033,ID0000009922,2025-08-15
ID0000004447,ID0000000033,ID0000009923,2025-08-15
ID0000004448,ID0000000033,ID0000009924,2025-08-15
ID0000004449,ID0000000033,ID0000009925,2025-08-15
ID0000004450,ID0000000033,ID0000009926,2025-08-15
ID0000004451,ID0000000033,ID0000009927,2025-08-15
ID0000004452,ID0000000033,ID0000009930,2025-08-16
ID0000004453,ID0000000033,ID0000009931,2025-08-16
ID0000004454,ID0000000033,ID0000009932,2025-08-16
ID0000004455,ID0000000033,ID0000009933,2025-08-16
ID0000004456,ID0000000033,ID0000009934,2025-08-16
ID0000004457,ID0000000033,ID0000009935,2025-08-16
ID0000004458,ID0000000033,ID0000009936,2025-08-16
ID0000004459,ID0000000033,ID0000009944,2025-08-17
ID0000004460,ID0000000033,ID0000009945,2025-08-17
ID0000004461,ID0000000033,ID0000009946,2025-08-17
ID0000004462,ID0000000033,ID0000009947,2025-08-17
ID0000004463,ID0000000033,ID0000009948,2025-08-17
ID0000004464,ID0000000033,ID0000009949,2025-08-17
ID0000004465,ID0000000033,ID0000009969,2025-08-18
ID0000004466,ID0000000033,ID0000009970,2025-08-18
ID0000004467,ID0000000033,ID0000009971,2025-08-18
ID0000004468,ID0000000033,ID0000009972,2025-08-18
ID0000004469,ID0000000033,ID0000009973,2025-08-18
ID0000004470,ID0000000033,ID0000009974,2025-08-18
ID0000004471,ID0000000033,ID0000009975,2025-08-18
ID0000004472,ID0000000033,ID0000009976,2025-08-18
ID0000004473,ID0000000033,ID0000009977,2025-08-18
ID0000004474,ID0000000033,ID0000009978,2025-08-18
ID0000004475,ID0000000033,ID0000009979,2025-08-18
ID0000004476,ID0000000033,ID0000009980,2025-08-18
ID0000004477,ID0000000033,ID0000009981,2025-08-18
ID0000004478,ID0000000033,ID0000009982,2025-08-18
ID0000004479,ID0000000033,ID0000009983,2025-08-18
ID0000004480,ID0000000033,ID0000009984,2025-08-18
ID0000004481,ID0000000033,ID0000009985,2025-08-18
ID0000004482,ID0000000033,ID0000009986,2025-08-18
ID0000004483,ID0000000033,ID0000009987,2025-08-18
ID0000004484,ID0000000033,ID0000009988,2025-08-18
ID0000004485,ID0000000033,ID0000009989,2025-08-18
ID0000004486,ID0000000033,ID0000009990,2025-08-18
ID0000004487,ID0000000033,ID0000009991,2025-08-18
ID0000004488,ID0000000033,ID0000009992,2025-08-18
ID0000004489,ID0000000033,ID0000009993,2025-08-18
ID0000004490,ID0000000033,ID0000009994,2025-08-18
ID0000004491,ID0000000033,ID0000009995,2025-08-18
ID0000004492,ID0000000033,ID0000009996,2025-08-18
ID0000004493,ID0000000033,ID0000009997,2025-08-18
ID0000004494,ID0000000033,ID0000009998,2025-08-18
ID0000004495,ID0000000033,ID0000009999,2025-08-18
ID0000004496,ID0000000033,ID0000010000,2025-08-18
ID0000004497,ID0000000033,ID0000010001,2025-08-18
ID0000004498,ID0000000033,ID0000010002,2025-08-18
ID0000004499,ID0000000033,ID0000010003,2025-08-18
ID0000004500,ID0000000033,ID0000010004,2025-08-18
ID0000004501,ID0000000033,ID0000010005,2025-08-18
ID0000004502,ID0000000033,ID0000010006,2025-08-18
ID0000004503,ID0000000033,ID0000010007,2025-08-18
ID0000004504,ID0000000033,ID0000010008,2025-08-18
ID0000004505,ID0000000033,ID0000010009,2025-08-18
ID0000004506,ID0000000033,ID0000010010,2025-08-18
ID0000004507,ID0000000034,ID0000010011,2025-08-18
ID0000004508,ID0000000034,ID0000010012,2025-08-18
ID0000004509,ID0000000034,ID0000010013,2025-08-18
ID0000004510,ID0000000034,ID0000010014,2025-08-18
ID0000004511,ID0000000034,ID0000010015,2025-08-18
ID0000004512,ID0000000034,ID0000010016,2025-08-18
ID0000004513,ID0000000034,ID0000010017,2025-08-18
ID0000004514,ID0000000034,ID0000010018,2025-08-18
ID0000004515,ID0000000034,ID0000010019,2025-08-18
ID0000004516,ID0000000034,ID0000010020,2025-08-18
ID0000004517,ID0000000034,ID0000010021,2025-08-18
ID0000004518,ID0000000034,ID0000010022,2025-08-18
ID0000004519,ID0000000034,ID0000010023,2025-08-18
ID0000004520,ID0000000034,ID0000010024,2025-08-18
ID0000004521,ID0000000034,ID0000010025,2025-08-18
ID0000004522,ID0000000034,ID0000010026,2025-08-18
ID0000004523,ID0000000034,ID0000010027,2025-08-18
ID0000004524,ID0000000034,ID0000010028,2025-08-18
ID0000004525,ID0000000034,ID0000010029,2025-08-18
ID0000004526,ID0000000034,ID0000010030,2025-08-18
ID0000004527,ID0000000034,ID0000010031,2025-08-18
ID0000004528,ID0000000034,ID0000010032,2025-08-18
ID0000004529,ID0000000034,ID0000010033,2025-08-18
ID0000004530,ID0000000034,ID0000010034,2025-08-18
ID0000004531,ID0000000034,ID0000010035,2025-08-18
ID0000004532,ID0000000034,ID0000010036,2025-08-18
ID0000004533,ID0000000034,ID0000010037,2025-08-18
ID0000004534,ID0000000034,ID0000010038,2025-08-18
ID0000004535,ID0000000034,ID0000010039,2025-08-18
ID0000004536,ID0000000034,ID0000010040,2025-08-18
ID0000004537,ID0000000034,ID0000010041,2025-08-18
ID0000004538,ID0000000034,ID0000010042,2025-08-18
ID0000004539,ID0000000034,ID0000010043,2025-08-18
ID0000004540,ID0000000034,ID0000010044,2025-08-18
ID0000004541,ID0000000034,ID0000010045,2025-08-18
ID0000004542,ID0000000034,ID0000010046,2025-08-18
ID0000004543,ID0000000034,ID0000010047,2025-08-18
ID0000004544,ID0000000034,ID0000010048,2025-08-18
ID0000004545,ID0000000034,ID0000010049,2025-08-18
ID0000004546,ID0000000034,ID0000010050,2025-08-18
ID0000004547,ID0000000034,ID0000010051,2025-08-18
ID0000004548,ID0000000034,ID0000010052,2025-08-18
ID0000004549,ID0000000034,ID0000010053,2025-08-18
ID0000004550,ID0000000034,ID0000010054,2025-08-18
ID0000004551,ID0000000034,ID0000010055,2025-08-18
ID0000004552,ID0000000034,ID0000010056,2025-08-18
ID0000004553,ID0000000034,ID0000010057,2025-08-18
ID0000004554,ID0000000034,ID0000010058,2025-08-18
ID0000004555,ID0000000034,ID0000010059,2025-08-18
ID0000004556,ID0000000034,ID0000010060,2025-08-18
ID0000004557,ID0000000034,ID0000010061,2025-08-18
ID0000004558,ID0000000034,ID0000010062,2025-08-18
ID0000004559,ID0000000034,ID0000010063,2025-08-18
ID0000004560,ID0000000034,ID0000010064,2025-08-18
ID0000004561,ID0000000034,ID0000010065,2025-08-18
ID0000004562,ID0000000034,ID0000010066,2025-08-18
ID0000004563,ID0000000034,ID0000010067,2025-08-18
ID0000004564,ID0000000034,ID0000010068,2025-08-18
ID0000004565,ID0000000034,ID0000010069,2025-08-18
ID0000004566,ID0000000034,ID0000010070,2025-08-18
ID0000004567,ID0000000034,ID0000010071,2025-08-18
ID0000004568,ID0000000034,ID0000010072,2025-08-18
ID0000004569,ID0000000034,ID0000010073,2025-08-18
ID0000004570,ID0000000034,ID0000010074,2025-08-18
ID0000004571,ID0000000034,ID0000010075,2025-08-18
ID0000004572,ID0000000034,ID0000010076,2025-08-18
ID0000004573,ID0000000034,ID0000010077,2025-08-18
ID0000004574,ID0000000034,ID0000010078,2025-08-18
ID0000004575,ID0000000034,ID0000010079,2025-08-18
ID0000004576,ID0000000034,ID0000010080,2025-08-18
ID0000004577,ID0000000034,ID0000010081,2025-08-18
ID0000004578,ID0000000034,ID0000010082,2025-08-18
ID0000004579,ID0000000034,ID0000010083,2025-08-18
ID0000004580,ID0000000034,ID0000010084,2025-08-18
ID0000004581,ID0000000034,ID0000010085,2025-08-18
ID0000004582,ID0000000034,ID0000010086,2025-08-18
ID0000004583,ID0000000034,ID0000010087,2025-08-18
ID0000004584,ID0000000034,ID0000010088,2025-08-18
ID0000004585,ID0000000034,ID0000010089,2025-08-18
ID0000004586,ID0000000034,ID0000010090,2025-08-18
ID0000004587,ID0000000034,ID0000010091,2025-08-18
ID0000004588,ID0000000034,ID0000010092,2025-08-18
ID0000004589,ID0000000034,ID0000010093,2025-08-18
ID0000004590,ID0000000034,ID0000010094,2025-08-18
ID0000004591,ID0000000034,ID0000010095,2025-08-18
ID0000004592,ID0000000034,ID0000010096,2025-08-18
ID0000004593,ID0000000034,ID0000010097,2025-08-18
ID0000004594,ID0000000034,ID0000010098,2025-08-18
ID0000004595,ID0000000034,ID0000010099,2025-08-18
ID0000004596,ID0000000034,ID0000010100,2025-08-18
ID0000004597,ID0000000034,ID0000010101,2025-08-18
ID0000004598,ID0000000034,ID0000010102,2025-08-18
ID0000004599,ID0000000034,ID0000010103,2025-08-18
ID0000004600,ID0000000034,ID0000010104,2025-08-18
ID0000004601,ID0000000034,ID0000010105,2025-08-18
ID0000004602,ID0000000034,ID0000010106,2025-08-18
ID0000004603,ID0000000034,ID0000010107,2025-08-18
ID0000004604,ID0000000034,ID0000010108,2025-08-18
ID0000004605,ID0000000034,ID0000010109,2025-08-18
ID0000004606,ID0000000034,ID0000010110,2025-08-18
ID0000004607,ID0000000034,ID0000010111,2025-08-18
ID0000004608,ID0000000034,ID0000010112,2025-08-18
ID0000004609,ID0000000034,ID0000010113,2025-08-18
ID0000004610,ID0000000034,ID0000010114,2025-08-18
ID0000004611,ID0000000034,ID0000010115,2025-08-18
ID0000004612,ID0000000034,ID0000010116,2025-08-18
ID0000004613,ID0000000034,ID0000010117,2025-08-18
ID0000004614,ID0000000034,ID0000010118,2025-08-18
ID0000004615,ID0000000034,ID0000010119,2025-08-18
ID0000004616,ID0000000034,ID0000010120,2025-08-18
ID0000004617,ID0000000034,ID0000010121,2025-08-18
ID0000004618,ID0000000034,ID0000010122,2025-08-18
ID0000004619,ID0000000034,ID0000010123,2025-08-18
ID0000004620,ID0000000034,ID0000010124,2025-08-18
ID0000004621,ID0000000034,ID0000010125,2025-08-18
ID0000004622,ID0000000034,ID0000010126,2025-08-18
ID0000004623,ID0000000034,ID0000010127,2025-08-18
ID0000004624,ID0000000034,ID0000010128,2025-08-18
ID0000004625,ID0000000034,ID0000010129,2025-08-18
ID0000004626,ID0000000034,ID0000010130,2025-08-18
ID0000004627,ID0000000034,ID0000010131,2025-08-18
ID0000004628,ID0000000034,ID0000010132,2025-08-18
ID0000004629,ID0000000034,ID0000010133,2025-08-18
ID0000004630,ID0000000034,ID0000010134,2025-08-18
ID0000004631,ID0000000034,ID0000010135,2025-08-18
ID0000004632,ID0000000034,ID0000010136,2025-08-18
ID0000004633,ID0000000034,ID0000010137,2025-08-18
ID0000004634,ID0000000034,ID0000010138,2025-08-18
ID0000004635,ID0000000034,ID0000010139,2025-08-18
ID0000004636,ID0000000034,ID0000010140,2025-08-18
ID0000004637,ID0000000034,ID0000010141,2025-08-18
ID0000004638,ID0000000034,ID0000010142,2025-08-18
ID0000004639,ID0000000034,ID0000010143,2025-08-18
ID0000004640,ID0000000034,ID0000010144,2025-08-18
ID0000004641,ID0000000034,ID0000010145,2025-08-18
ID0000004642,ID0000000034,ID0000010146,2025-08-18
ID0000004643,ID0000000034,ID0000010147,2025-08-18
ID0000004644,ID0000000034,ID0000010148,2025-08-18
ID0000004645,ID0000000034,ID0000010149,2025-08-18
ID0000004646,ID0000000034,ID0000010150,2025-08-18
ID0000004647,ID0000000034,ID0000010151,2025-08-18
ID0000004648,ID0000000034,ID0000010152,2025-08-18
ID0000004649,ID0000000034,ID0000010153,2025-08-18
ID0000004650,ID0000000034,ID0000010154,2025-08-18
ID0000004651,ID0000000034,ID0000010155,2025-08-18
ID0000004652,ID0000000034,ID0000010156,2025-08-18
ID0000004653,ID0000000034,ID0000010157,2025-08-18
ID0000004654,ID0000000034,ID0000010158,2025-08-18
ID0000004655,ID0000000034,ID0000010159,2025-08-18
ID0000004656,ID0000000034,ID0000010160,2025-08-18
ID0000004657,ID0000000034,ID0000010161,2025-08-18
ID0000004658,ID0000000034,ID0000010162,2025-08-18
ID0000004659,ID0000000034,ID0000010163,2025-08-18
ID0000004660,ID0000000034,ID0000010164,2025-08-18
ID0000004661,ID0000000034,ID0000010165,2025-08-18
ID0000004662,ID0000000034,ID0000010166,2025-08-18
ID0000004663,ID0000000034,ID0000010167,2025-08-18
ID0000004664,ID0000000034,ID0000010168,2025-08-18
ID0000004665,ID0000000034,ID0000010169,2025-08-18
ID0000004666,ID0000000034,ID0000010170,2025-08-18
ID0000004667,ID0000000034,ID0000010171,2025-08-18
ID0000004668,ID0000000034,ID0000010172,2025-08-18
ID0000004669,ID0000000034,ID0000010173,2025-08-18
ID0000004670,ID0000000034,ID0000010174,2025-08-18
ID0000004671,ID0000000034,ID0000010175,2025-08-18
ID0000004672,ID0000000034,ID0000010176,2025-08-18
ID0000004673,ID0000000034,ID0000010177,2025-08-18
ID0000004674,ID0000000034,ID0000010178,2025-08-18
ID0000004675,ID0000000034,ID0000010179,2025-08-18
ID0000004676,ID0000000034,ID0000010180,2025-08-18
ID0000004677,ID0000000034,ID0000010181,2025-08-18
ID0000004678,ID0000000034,ID0000010182,2025-08-18
ID0000004679,ID0000000033,ID0000010191,2025-08-19
ID0000004680,ID0000000033,ID0000010192,2025-08-19
ID0000004681,ID0000000033,ID0000010193,2025-08-19
ID0000004682,ID0000000033,ID0000010194,2025-08-19
ID0000004683,ID0000000033,ID0000010195,2025-08-19
ID0000004684,ID0000000033,ID0000010196,2025-08-19
ID0000004685,ID0000000033,ID0000010197,2025-08-19
ID0000004686,ID0000000033,ID0000010198,2025-08-19
ID0000004687,ID0000000033,ID0000010199,2025-08-19
ID0000004688,ID0000000033,ID0000010200,2025-08-19
ID0000004689,ID0000000033,ID0000010201,2025-08-19
ID0000004690,ID0000000033,ID0000010202,2025-08-19
ID0000004691,ID0000000033,ID0000010203,2025-08-19
ID0000004692,ID0000000033,ID0000010204,2025-08-19
ID0000004693,ID0000000033,ID0000010205,2025-08-19
ID0000004694,ID0000000033,ID0000010206,2025-08-19
ID0000004695,ID0000000033,ID0000010207,2025-08-19
ID0000004696,ID0000000033,ID0000010208,2025-08-19
ID0000004697,ID0000000033,ID0000010209,2025-08-19
ID0000004698,ID0000000033,ID0000010210,2025-08-19
ID0000004699,ID0000000033,ID0000010211,2025-08-19
ID0000004700,ID0000000033,ID0000010212,2025-08-19
ID0000004701,ID0000000033,ID0000010213,2025-08-19
ID0000004702,ID0000000033,ID0000010214,2025-08-19
ID0000004703,ID0000000033,ID0000010215,2025-08-19
ID0000004704,ID0000000033,ID0000010216,2025-08-19
ID0000004705,ID0000000033,ID0000010217,2025-08-19
ID0000004706,ID0000000033,ID0000010218,2025-08-19
ID0000004707,ID0000000033,ID0000010219,2025-08-19
ID0000004708,ID0000000033,ID0000010220,2025-08-19
ID0000004709,ID0000000033,ID0000010221,2025-08-19
ID0000004710,ID0000000033,ID0000010222,2025-08-19
ID0000004711,ID0000000033,ID0000010223,2025-08-19
ID0000004712,ID0000000033,ID0000010224,2025-08-19
ID0000004713,ID0000000033,ID0000010225,2025-08-19
ID0000004714,ID0000000033,ID0000010226,2025-08-19
ID0000004715,ID0000000033,ID0000010227,2025-08-19
ID0000004716,ID0000000033,ID0000010228,2025-08-19
ID0000004717,ID0000000033,ID0000010229,2025-08-19
ID0000004718,ID0000000033,ID0000010230,2025-08-19
ID0000004719,ID0000000033,ID0000010231,2025-08-19
ID0000004720,ID0000000033,ID0000010232,2025-08-19
ID0000004721,ID0000000033,ID0000010233,2025-08-19
ID0000004722,ID0000000033,ID0000010234,2025-08-19
ID0000004723,ID0000000033,ID0000010235,2025-08-19
ID0000004724,ID0000000033,ID0000010257,2025-08-20
ID0000004725,ID0000000033,ID0000010258,2025-08-20
ID0000004726,ID0000000033,ID0000010259,2025-08-20
ID0000004727,ID0000000033,ID0000010260,2025-08-20
ID0000004728,ID0000000033,ID0000010261,2025-08-20
ID0000004729,ID0000000033,ID0000010262,2025-08-20
ID0000004730,ID0000000033,ID0000010263,2025-08-20
ID0000004731,ID0000000033,ID0000010264,2025-08-20
ID0000004732,ID0000000033,ID0000010265,2025-08-20
ID0000004733,ID0000000033,ID0000010266,2025-08-20
ID0000004734,ID0000000033,ID0000010267,2025-08-20
ID0000004735,ID0000000033,ID0000010268,2025-08-20
ID0000004736,ID0000000033,ID0000010269,2025-08-20
ID0000004737,ID0000000033,ID0000010270,2025-08-20
ID0000004738,ID0000000033,ID0000010271,2025-08-20
ID0000004739,ID0000000033,ID0000010272,2025-08-20
ID0000004740,ID0000000033,ID0000010273,2025-08-20
ID0000004741,ID0000000033,ID0000010274,2025-08-20
ID0000004742,ID0000000033,ID0000010275,2025-08-20
ID0000004743,ID0000000033,ID0000010276,2025-08-20
ID0000004744,ID0000000033,ID0000010277,2025-08-20
ID0000004745,ID0000000033,ID0000010278,2025-08-20
ID0000004746,ID0000000033,ID0000010279,2025-08-20
ID0000004747,ID0000000033,ID0000010280,2025-08-20
ID0000004748,ID0000000033,ID0000010281,2025-08-20
ID0000004749,ID0000000033,ID0000010282,2025-08-20
ID0000004750,ID0000000033,ID0000010283,2025-08-20
ID0000004751,ID0000000033,ID0000010284,2025-08-20
ID0000004752,ID0000000033,ID0000010285,2025-08-20
ID0000004753,ID0000000033,ID0000010286,2025-08-20
ID0000004754,ID0000000033,ID0000010287,2025-08-20
ID0000004755,ID0000000033,ID0000010288,2025-08-20
ID0000004756,ID0000000033,ID0000010289,2025-08-20
ID0000004757,ID0000000033,ID0000010290,2025-08-20
ID0000004758,ID0000000033,ID0000010291,2025-08-20
ID0000004759,ID0000000033,ID0000010292,2025-08-20
ID0000004760,ID0000000035,ID0000010613,2025-09-22
ID0000004761,ID0000000035,ID0000010614,2025-09-22
ID0000004762,ID0000000035,ID0000010615,2025-09-22
ID0000004763,ID0000000035,ID0000010616,2025-09-22
ID0000004764,ID0000000035,ID0000010617,2025-09-22
ID0000004765,ID0000000035,ID0000010618,2025-09-22
ID0000004766,ID0000000035,ID0000010619,2025-09-22
ID0000004767,ID0000000035,ID0000010620,2025-09-22
ID0000004768,ID0000000035,ID0000010621,2025-09-22
ID0000004769,ID0000000035,ID0000010622,2025-09-22
ID0000004770,ID0000000035,ID0000010623,2025-09-22
ID0000004771,ID0000000035,ID0000010624,2025-09-22
ID0000004772,ID0000000035,ID0000010625,2025-09-22
ID0000004773,ID0000000035,ID0000010626,2025-09-22
ID0000004774,ID0000000035,ID0000010627,2025-09-22
ID0000004775,ID0000000035,ID0000010628,2025-09-22
ID0000004776,ID0000000035,ID0000010629,2025-09-22
ID0000004777,ID0000000035,ID0000010630,2025-09-22
ID0000004778,ID0000000035,ID0000010631,2025-09-22
ID0000004779,ID0000000035,ID0000010632,2025-09-22
ID0000004780,ID0000000035,ID0000010633,2025-09-22
ID0000004781,ID0000000035,ID0000010634,2025-09-22
ID0000004782,ID0000000035,ID0000010635,2025-09-22
ID0000004783,ID0000000035,ID0000010636,2025-09-22
ID0000004784,ID0000000035,ID0000010637,2025-09-22
ID0000004785,ID0000000035,ID0000010638,2025-09-22
ID0000004786,ID0000000035,ID0000010639,2025-09-22
ID0000004787,ID0000000035,ID0000010640,2025-09-22
ID0000004788,ID0000000035,ID0000010641,2025-09-22
ID0000004789,ID0000000035,ID0000010642,2025-09-22
ID0000004790,ID0000000035,ID0000010643,2025-09-22
ID0000004791,ID0000000035,ID0000010644,2025-09-22
ID0000004792,ID0000000035,ID0000010645,2025-09-22
ID0000004793,ID0000000035,ID0000010646,2025-09-22
ID0000004794,ID0000000035,ID0000010647,2025-09-22
ID0000004795,ID0000000035,ID0000010648,2025-09-22
ID0000004796,ID0000000035,ID0000010649,2025-09-22
ID0000004797,ID0000000035,ID0000010650,2025-09-22
ID0000004798,ID0000000035,ID0000010651,2025-09-22
ID0000004799,ID0000000035,ID0000010652,2025-09-22
ID0000004800,ID0000000035,ID0000010653,2025-09-22
ID0000004801,ID0000000035,ID0000010654,2025-09-22
ID0000004802,ID0000000035,ID0000010655,2025-09-22
ID0000004803,ID0000000035,ID0000010656,2025-09-22
ID0000004804,ID0000000035,ID0000010657,2025-09-22
ID0000004805,ID0000000035,ID0000010658,2025-09-22
ID0000004806,ID0000000035,ID0000010659,2025-09-22
ID0000004807,ID0000000035,ID0000010660,2025-09-22
ID0000004808,ID0000000035,ID0000010661,2025-09-22
ID0000004809,ID0000000035,ID0000010662,2025-09-22
ID0000004810,ID0000000035,ID0000010663,2025-09-22
ID0000004811,ID0000000035,ID0000010664,2025-09-22
ID0000004812,ID0000000035,ID0000010665,2025-09-22
ID0000004813,ID0000000035,ID0000010666,2025-09-22
ID0000004814,ID0000000035,ID0000010667,2025-09-22
ID0000004815,ID0000000035,ID0000010668,2025-09-22
ID0000004816,ID0000000035,ID0000010669,2025-09-22
ID0000004817,ID0000000035,ID0000010670,2025-09-22
ID0000004818,ID0000000035,ID0000010671,2025-09-22
ID0000004819,ID0000000035,ID0000010672,2025-09-22
ID0000004820,ID0000000035,ID0000010673,2025-09-22
ID0000004821,ID0000000035,ID0000010674,2025-09-22
ID0000004822,ID0000000035,ID0000010675,2025-09-22
ID0000004823,ID0000000035,ID0000010676,2025-09-22
ID0000004824,ID0000000035,ID0000010677,2025-09-22
ID0000004825,ID0000000035,ID0000010678,2025-09-22
ID0000004826,ID0000000035,ID0000010679,2025-09-22
ID0000004827,ID0000000035,ID0000010680,2025-09-22
ID0000004828,ID0000000035,ID0000010681,2025-09-22
ID0000004829,ID0000000035,ID0000010682,2025-09-22
ID0000004830,ID0000000035,ID0000010683,2025-09-22
ID0000004831,ID0000000035,ID0000010684,2025-09-22
ID0000004832,ID0000000035,ID0000010685,2025-09-22
ID0000004833,ID0000000035,ID0000010686,2025-09-22
ID0000004834,ID0000000035,ID0000010687,2025-09-22
ID0000004835,ID0000000035,ID0000010688,2025-09-22
ID0000004836,ID0000000035,ID0000010689,2025-09-22
ID0000004837,ID0000000035,ID0000010690,2025-09-22
ID0000004838,ID0000000035,ID0000010691,2025-09-22
ID0000004839,ID0000000035,ID0000010692,2025-09-22
ID0000004840,ID0000000035,ID0000010693,2025-09-22
ID0000004841,ID0000000035,ID0000010694,2025-09-22
ID0000004842,ID0000000035,ID0000010695,2025-09-22
ID0000004843,ID0000000035,ID0000010696,2025-09-22
ID0000004844,ID0000000035,ID0000010697,2025-09-22
ID0000004845,ID0000000035,ID0000010698,2025-09-22
ID0000004846,ID0000000035,ID0000010699,2025-09-22
ID0000004847,ID0000000035,ID0000010700,2025-09-22
ID0000004848,ID0000000035,ID0000010701,2025-09-22
ID0000004849,ID0000000035,ID0000010702,2025-09-22
ID0000004850,ID0000000035,ID0000010703,2025-09-22
ID0000004851,ID0000000035,ID0000010704,2025-09-22
ID0000004852,ID0000000035,ID0000010705,2025-09-22
ID0000004853,ID0000000035,ID0000010706,2025-09-22
ID0000004854,ID0000000035,ID0000010707,2025-09-22
ID0000004855,ID0000000035,ID0000010708,2025-09-22
ID0000004856,ID0000000035,ID0000010709,2025-09-22
ID0000004857,ID0000000035,ID0000010710,2025-09-22
ID0000004858,ID0000000035,ID0000010711,2025-09-22
ID0000004859,ID0000000035,ID0000010712,2025-09-22
ID0000004860,ID0000000035,ID0000010713,2025-09-22
ID0000004861,ID0000000035,ID0000010714,2025-09-22
ID0000004862,ID0000000035,ID0000010715,2025-09-22
ID0000004863,ID0000000035,ID0000010716,2025-09-22
ID0000004864,ID0000000035,ID0000010717,2025-09-22
ID0000004865,ID0000000035,ID0000010718,2025-09-22
ID0000004866,ID0000000035,ID0000010719,2025-09-22
ID0000004867,ID0000000035,ID0000010720,2025-09-22
ID0000004868,ID0000000035,ID0000010721,2025-09-22
ID0000004869,ID0000000035,ID0000010722,2025-09-22
ID0000004870,ID0000000035,ID0000010723,2025-09-22
ID0000004871,ID0000000035,ID0000010724,2025-09-22
ID0000004872,ID0000000035,ID0000010725,2025-09-22
ID0000004873,ID0000000035,ID0000010726,2025-09-22
ID0000004874,ID0000000035,ID0000010727,2025-09-22
ID0000004875,ID0000000035,ID0000010728,2025-09-22
ID0000004876,ID0000000035,ID0000010729,2025-09-22
ID0000004877,ID0000000035,ID0000010730,2025-09-22
ID0000004878,ID0000000035,ID0000010731,2025-09-22
ID0000004879,ID0000000035,ID0000010732,2025-09-22
ID0000004880,ID0000000035,ID0000010733,2025-09-22
ID0000004881,ID0000000035,ID0000010734,2025-09-22
ID0000004882,ID0000000035,ID0000010735,2025-09-22
ID0000004883,ID0000000035,ID0000010736,2025-09-22
ID0000004884,ID0000000035,ID0000010737,2025-09-22
ID0000004885,ID0000000035,ID0000010738,2025-09-22
ID0000004886,ID0000000035,ID0000010739,2025-09-22
ID0000004887,ID0000000035,ID0000010740,2025-09-22
ID0000004888,ID0000000035,ID0000010741,2025-09-22
ID0000004889,ID0000000035,ID0000010742,2025-09-22
ID0000004890,ID0000000035,ID0000010743,2025-09-22
ID0000004891,ID0000000035,ID0000010744,2025-09-22
ID0000004892,ID0000000035,ID0000010745,2025-09-22
ID0000004893,ID0000000035,ID0000010746,2025-09-22
ID0000004894,ID0000000035,ID0000010747,2025-09-22
ID0000004895,ID0000000035,ID0000010748,2025-09-22
ID0000004896,ID0000000035,ID0000010749,2025-09-22
ID0000004897,ID0000000035,ID0000010750,2025-09-22
ID0000004898,ID0000000035,ID0000010751,2025-09-22
ID0000004899,ID0000000035,ID0000010752,2025-09-22
ID0000004900,ID0000000035,ID0000010753,2025-09-22
ID0000004901,ID0000000035,ID0000010754,2025-09-22
ID0000004902,ID0000000035,ID0000010755,2025-09-22
ID0000004903,ID0000000035,ID0000010756,2025-09-22
ID0000004904,ID0000000035,ID0000010757,2025-09-22
ID0000004905,ID0000000035,ID0000010758,2025-09-22
ID0000004906,ID0000000035,ID0000010759,2025-09-22
ID0000004907,ID0000000035,ID0000010760,2025-09-22
ID0000004908,ID0000000035,ID0000010761,2025-09-22
ID0000004909,ID0000000035,ID0000010762,2025-09-22
ID0000004910,ID0000000035,ID0000010763,2025-09-22
ID0000004911,ID0000000035,ID0000010764,2025-09-22
ID0000004912,ID0000000035,ID0000010765,2025-09-22
ID0000004913,ID0000000035,ID0000010766,2025-09-22
ID0000004914,ID0000000035,ID0000010767,2025-09-22
ID0000004915,ID0000000035,ID0000010768,2025-09-22
ID0000004916,ID0000000035,ID0000010769,2025-09-22
ID0000004917,ID0000000035,ID0000010770,2025-09-22
ID0000004918,ID0000000035,ID0000010771,2025-09-22
ID0000004919,ID0000000035,ID0000010772,2025-09-22
ID0000004920,ID0000000035,ID0000010773,2025-09-22
ID0000004921,ID0000000035,ID0000010774,2025-09-22
ID0000004922,ID0000000035,ID0000010775,2025-09-22
ID0000004923,ID0000000035,ID0000010776,2025-09-22
ID0000004924,ID0000000035,ID0000010777,2025-09-22
ID0000004925,ID0000000035,ID0000010778,2025-09-22
ID0000004926,ID0000000035,ID0000010779,2025-09-22
ID0000004927,ID0000000035,ID0000010780,2025-09-22
ID0000004928,ID0000000035,ID0000010781,2025-09-22
ID0000004929,ID0000000035,ID0000010782,2025-09-22
ID0000004930,ID0000000035,ID0000010783,2025-09-22
ID0000004931,ID0000000035,ID0000010784,2025-09-22
ID0000004932,ID0000000035,ID0000010785,2025-09-22
ID0000004933,ID0000000035,ID0000010786,2025-09-22
ID0000004934,ID0000000035,ID0000010787,2025-09-22
ID0000004935,ID0000000035,ID0000010788,2025-09-22
ID0000004936,ID0000000035,ID0000010789,2025-09-22
ID0000004937,ID0000000035,ID0000010790,2025-09-22
ID0000004938,ID0000000035,ID0000010791,2025-09-22
ID0000004939,ID0000000035,ID0000010792,2025-09-22
ID0000004940,ID0000000035,ID0000010793,2025-09-22
ID0000004941,ID0000000035,ID0000010794,2025-09-22
ID0000004942,ID0000000035,ID0000010795,2025-09-22
ID0000004943,ID0000000035,ID0000010796,2025-09-22
ID0000004944,ID0000000035,ID0000010797,2025-09-22
ID0000004945,ID0000000035,ID0000010798,2025-09-22
ID0000004946,ID0000000035,ID0000010799,2025-09-22
ID0000004947,ID0000000035,ID0000010800,2025-09-22
ID0000004948,ID0000000035,ID0000010801,2025-09-22
ID0000004949,ID0000000035,ID0000010802,2025-09-22
ID0000004950,ID0000000035,ID0000010803,2025-09-22
ID0000004951,ID0000000035,ID0000010804,2025-09-22
ID0000004952,ID0000000035,ID0000010805,2025-09-22
ID0000004953,ID0000000035,ID0000010806,2025-09-22
ID0000004954,ID0000000035,ID0000010807,2025-09-22
ID0000004955,ID0000000035,ID0000010808,2025-09-22
ID0000004956,ID0000000035,ID0000010809,2025-09-22
ID0000004957,ID0000000035,ID0000010810,2025-09-22
ID0000004958,ID0000000035,ID0000010811,2025-09-22
ID0000004959,ID0000000035,ID0000010812,2025-09-22
ID0000004960,ID0000000035,ID0000010813,2025-09-22
ID0000004961,ID0000000035,ID0000010814,2025-09-22
ID0000004962,ID0000000035,ID0000010815,2025-09-22
ID0000004963,ID0000000035,ID0000010816,2025-09-22
ID0000004964,ID0000000035,ID0000010817,2025-09-22
ID0000004965,ID0000000035,ID0000010818,2025-09-22
ID0000004966,ID0000000035,ID0000010819,2025-09-22
ID0000004967,ID0000000035,ID0000010820,2025-09-22
ID0000004968,ID0000000035,ID0000010821,2025-09-22
ID0000004969,ID0000000035,ID0000010822,2025-09-22
ID0000004970,ID0000000035,ID0000010823,2025-09-22
ID0000004971,ID0000000035,ID0000010824,2025-09-22
ID0000004972,ID0000000035,ID0000010825,2025-09-22
ID0000004973,ID0000000035,ID0000010826,2025-09-22
ID0000004974,ID0000000035,ID0000010827,2025-09-22
ID0000004975,ID0000000035,ID0000010828,2025-09-22
ID0000004976,ID0000000035,ID0000010829,2025-09-22
ID0000004977,ID0000000035,ID0000010830,2025-09-22
ID0000004978,ID0000000035,ID0000010831,2025-09-22
ID0000004979,ID0000000035,ID0000010832,2025-09-22
ID0000004980,ID0000000035,ID0000010833,2025-09-22
ID0000004981,ID0000000035,ID0000010834,2025-09-22
ID0000004982,ID0000000035,ID0000010835,2025-09-22
ID0000004983,ID0000000035,ID0000010836,2025-09-22
ID0000004984,ID0000000035,ID0000010837,2025-09-22
ID0000004985,ID0000000035,ID0000010838,2025-09-22
ID0000004986,ID0000000035,ID0000010839,2025-09-22
ID0000004987,ID0000000035,ID0000010840,2025-09-22
ID0000004988,ID0000000035,ID0000010841,2025-09-22
ID0000004989,ID0000000035,ID0000010842,2025-09-22
ID0000004990,ID0000000035,ID0000010843,2025-09-22
ID0000004991,ID0000000035,ID0000010844,2025-09-22
ID0000004992,ID0000000035,ID0000010845,2025-09-22
ID0000004993,ID0000000035,ID0000010846,2025-09-22
ID0000004994,ID0000000035,ID0000010847,2025-09-22
ID0000004995,ID0000000035,ID0000010848,2025-09-22
ID0000004996,ID0000000035,ID0000010849,2025-09-22
ID0000004997,ID0000000035,ID0000010850,2025-09-22
ID0000004998,ID0000000035,ID0000010851,2025-09-22
ID0000004999,ID0000000035,ID0000010852,2025-09-22
ID0000005000,ID0000000035,ID0000010853,2025-09-22
ID0000005001,ID0000000035,ID0000010854,2025-09-22
ID0000005002,ID0000000035,ID0000010855,2025-09-22
ID0000005003,ID0000000035,ID0000010856,2025-09-22
ID0000005004,ID0000000035,ID0000010857,2025-09-22
ID0000005005,ID0000000035,ID0000010858,2025-09-22
ID0000005006,ID0000000035,ID0000010859,2025-09-22
ID0000005007,ID0000000035,ID0000010860,2025-09-22
ID0000005008,ID0000000035,ID0000010861,2025-09-22
ID0000005009,ID0000000035,ID0000010862,2025-09-22
ID0000005010,ID0000000035,ID0000010863,2025-09-22
ID0000005011,ID0000000035,ID0000010864,2025-09-22
ID0000005012,ID0000000035,ID0000010865,2025-09-22
ID0000005013,ID0000000035,ID0000010866,2025-09-22
ID0000005014,ID0000000035,ID0000010867,2025-09-22
ID0000005015,ID0000000035,ID0000010868,2025-09-22
ID0000005016,ID0000000035,ID0000010869,2025-09-22
ID0000005017,ID0000000035,ID0000010870,2025-09-22
ID0000005018,ID0000000035,ID0000010871,2025-09-22
ID0000005019,ID0000000035,ID0000010872,2025-09-22
ID0000005020,ID0000000035,ID0000010873,2025-09-22
ID0000005021,ID0000000035,ID0000010874,2025-09-22
ID0000005022,ID0000000035,ID0000010875,2025-09-22
ID0000005023,ID0000000035,ID0000010876,2025-09-22
ID0000005024,ID0000000035,ID0000010877,2025-09-22
ID0000005025,ID0000000035,ID0000010878,2025-09-22
ID0000005026,ID0000000035,ID0000010879,2025-09-22
ID0000005027,ID0000000035,ID0000010880,2025-09-22
ID0000005028,ID0000000035,ID0000010881,2025-09-22
ID0000005029,ID0000000035,ID0000010882,2025-09-22
ID0000005030,ID0000000035,ID0000010883,2025-09-22
ID0000005031,ID0000000035,ID0000010884,2025-09-22
ID0000005032,ID0000000035,ID0000010885,2025-09-22
ID0000005033,ID0000000035,ID0000010886,2025-09-22
ID0000005034,ID0000000035,ID0000010887,2025-09-22
ID0000005035,ID0000000035,ID0000010888,2025-09-22
ID0000005036,ID0000000035,ID0000010889,2025-09-22
ID0000005037,ID0000000035,ID0000010890,2025-09-22
ID0000005038,ID0000000035,ID0000010891,2025-09-22
ID0000005039,ID0000000035,ID0000010892,2025-09-22
ID0000005040,ID0000000035,ID0000010893,2025-09-22
ID0000005041,ID0000000035,ID0000010894,2025-09-22
ID0000005042,ID0000000035,ID0000010895,2025-09-22
ID0000005043,ID0000000035,ID0000010896,2025-09-22
ID0000005044,ID0000000035,ID0000010897,2025-09-22
ID0000005045,ID0000000035,ID0000010898,2025-09-22
ID0000005046,ID0000000035,ID0000010899,2025-09-22
ID0000005047,ID0000000035,ID0000010900,2025-09-22
ID0000005048,ID0000000035,ID0000010901,2025-09-22
ID0000005049,ID0000000035,ID0000010902,2025-09-22
ID0000005050,ID0000000035,ID0000010903,2025-09-22
ID0000005051,ID0000000035,ID0000010904,2025-09-22
ID0000005052,ID0000000035,ID0000010905,2025-09-22
ID0000005053,ID0000000035,ID0000010906,2025-09-22
ID0000005054,ID0000000035,ID0000010907,2025-09-22
ID0000005055,ID0000000035,ID0000010908,2025-09-22
ID0000005056,ID0000000035,ID0000010909,2025-09-22
ID0000005057,ID0000000035,ID0000010910,2025-09-22
ID0000005058,ID0000000035,ID0000010911,2025-09-22
ID0000005059,ID0000000035,ID0000010912,2025-09-22
ID0000005060,ID0000000035,ID0000010913,2025-09-22
ID0000005061,ID0000000035,ID0000010914,2025-09-22
ID0000005062,ID0000000035,ID0000010915,2025-09-22
ID0000005063,ID0000000035,ID0000010916,2025-09-22
ID0000005064,ID0000000035,ID0000010917,2025-09-22
ID0000005065,ID0000000035,ID0000010918,2025-09-22
ID0000005066,ID0000000035,ID0000010919,2025-09-22
